user_id,card_id,card_name,card_type,approved_at,merchant_name,merchant_category,amount,installment_months,approval_no
u_001,card_03,카카오뱅크 체크카드,체크,2025-09-01 09:56:00,티머니 대중교통,대중교통,1600,0,00100202
u_001,card_01,신한카드 Deep Dream,신용,2025-09-01 11:16:00,티머니 대중교통,대중교통,1500,0,00100191
u_001,card_03,카카오뱅크 체크카드,체크,2025-09-01 12:47:00,티머니 대중교통,대중교통,1400,0,00100217
u_001,card_01,신한카드 Deep Dream,신용,2025-09-01 14:35:00,CGV 강남,문화/여가,24500,0,00100449
u_001,card_01,신한카드 Deep Dream,신용,2025-09-01 19:38:00,티머니 대중교통,대중교통,1400,0,00100307
u_001,card_02,삼성 taptap O,신용,2025-09-01 20:53:00,교촌치킨,외식,32100,0,00100371
u_001,card_03,카카오뱅크 체크카드,체크,2025-09-02 20:04:00,GS25 테헤란로점,편의점,5200,0,00100130
u_001,card_03,카카오뱅크 체크카드,체크,2025-09-03 10:24:00,컴포즈커피 논현점,카페/커피,3400,0,00100053
u_001,card_01,신한카드 Deep Dream,신용,2025-09-03 11:01:00,쿠팡이츠,배달음식,19700,0,00100318
u_001,card_03,카카오뱅크 체크카드,체크,2025-09-03 12:07:00,티머니 대중교통,대중교통,1600,0,00100180
u_001,card_03,카카오뱅크 체크카드,체크,2025-09-03 23:54:00,메가커피 역삼점,카페/커피,2400,0,00100042
u_001,card_03,카카오뱅크 체크카드,체크,2025-09-04 20:06:00,티머니 대중교통,대중교통,1300,0,00100146
u_001,card_01,신한카드 Deep Dream,신용,2025-09-04 20:38:00,이디야커피 삼성점,카페/커피,2800,0,00100033
u_001,card_01,신한카드 Deep Dream,신용,2025-09-05 12:14:00,넷플릭스,구독/OTT,13500,0,00100008
u_001,card_01,신한카드 Deep Dream,신용,2025-09-05 17:16:00,CU 강남역점,편의점,5800,0,00100071
u_001,card_02,삼성 taptap O,신용,2025-09-05 22:55:00,티머니 대중교통,대중교통,1300,0,00100228
u_001,card_03,카카오뱅크 체크카드,체크,2025-09-06 12:50:00,티머니 대중교통,대중교통,1400,0,00100159
u_001,card_02,삼성 taptap O,신용,2025-09-06 20:57:00,티머니 대중교통,대중교통,1500,0,00100152
u_001,card_02,삼성 taptap O,신용,2025-09-07 10:38:00,11번가,온라인쇼핑,70000,0,00100408
u_001,card_01,신한카드 Deep Dream,신용,2025-09-07 11:29:00,티머니 대중교통,대중교통,1300,0,00100148
u_001,card_01,신한카드 Deep Dream,신용,2025-09-07 18:16:00,티머니 대중교통,대중교통,1600,0,00100212
u_001,card_01,신한카드 Deep Dream,신용,2025-09-07 21:44:00,유니클로 강남점,의류/패션,75500,0,00100442
u_001,card_01,신한카드 Deep Dream,신용,2025-09-08 07:18:00,교보문고,문화/여가,43200,0,00100451
u_001,card_02,삼성 taptap O,신용,2025-09-08 08:58:00,투썸플레이스 선릉점,카페/커피,2300,0,00100059
u_001,card_01,신한카드 Deep Dream,신용,2025-09-08 09:27:00,티머니 대중교통,대중교통,1500,0,00100138
u_001,card_01,신한카드 Deep Dream,신용,2025-09-08 10:59:00,이마트24 선릉점,편의점,6100,0,00100135
u_001,card_01,신한카드 Deep Dream,신용,2025-09-08 11:41:00,컴포즈커피 논현점,카페/커피,6100,0,00100026
u_001,card_03,카카오뱅크 체크카드,체크,2025-09-08 14:37:00,티머니 대중교통,대중교통,1500,0,00100185
u_001,card_01,신한카드 Deep Dream,신용,2025-09-08 14:42:00,스시로,외식,26900,0,00100381
u_001,card_01,신한카드 Deep Dream,신용,2025-09-08 21:36:00,배달의민족,배달음식,27600,0,00100320
u_001,card_03,카카오뱅크 체크카드,체크,2025-09-09 09:09:00,교촌치킨,외식,31000,0,00100353
u_001,card_03,카카오뱅크 체크카드,체크,2025-09-09 09:56:00,GS25 테헤란로점,편의점,10600,0,00100093
u_001,card_03,카카오뱅크 체크카드,체크,2025-09-09 10:18:00,티머니 대중교통,대중교통,1300,0,00100207
u_001,card_03,카카오뱅크 체크카드,체크,2025-09-09 12:49:00,백종원의 새마을식당,외식,58300,0,00100349
u_001,card_03,카카오뱅크 체크카드,체크,2025-09-09 13:50:00,티머니 대중교통,대중교통,1300,0,00100274
u_001,card_01,신한카드 Deep Dream,신용,2025-09-09 20:37:00,다이소 역삼점,뷰티/드럭,48400,0,00100433
u_001,card_01,신한카드 Deep Dream,신용,2025-09-10 11:21:00,티머니 대중교통,대중교통,1400,0,00100259
u_001,card_02,삼성 taptap O,신용,2025-09-10 19:43:00,유튜브 프리미엄,구독/OTT,14900,0,00100014
u_001,card_01,신한카드 Deep Dream,신용,2025-09-11 15:48:00,올리브영 강남점,뷰티/드럭,24100,0,00100437
u_001,card_01,신한카드 Deep Dream,신용,2025-09-11 22:26:00,홈플러스 영등포점,대형마트,72200,0,00100397
u_001,card_01,신한카드 Deep Dream,신용,2025-09-12 12:21:00,이마트24 선릉점,편의점,8700,0,00100119
u_001,card_03,카카오뱅크 체크카드,체크,2025-09-12 18:43:00,메가커피 역삼점,카페/커피,4900,0,00100050
u_001,card_02,삼성 taptap O,신용,2025-09-13 08:26:00,백종원의 새마을식당,외식,54500,0,00100356
u_001,card_02,삼성 taptap O,신용,2025-09-13 13:35:00,예스24,문화/여가,27900,0,00100456
u_001,card_02,삼성 taptap O,신용,2025-09-13 22:59:00,티머니 대중교통,대중교통,1300,0,00100189
u_001,card_03,카카오뱅크 체크카드,체크,2025-09-14 08:41:00,티머니 대중교통,대중교통,1500,0,00100144
u_001,card_01,신한카드 Deep Dream,신용,2025-09-14 12:20:00,스시로,외식,17900,0,00100394
u_001,card_01,신한카드 Deep Dream,신용,2025-09-14 15:19:00,박승철헤어스투디오,미용실,70900,0,00100459
u_001,card_02,삼성 taptap O,신용,2025-09-14 15:46:00,G마켓,온라인쇼핑,56500,0,00100430
u_001,card_03,카카오뱅크 체크카드,체크,2025-09-14 17:12:00,티머니 대중교통,대중교통,1400,0,00100294
u_001,card_02,삼성 taptap O,신용,2025-09-14 17:16:00,티머니 대중교통,대중교통,1600,0,00100275
u_001,card_03,카카오뱅크 체크카드,체크,2025-09-15 09:08:00,배달의민족,배달음식,13600,0,00100333
u_001,card_02,삼성 taptap O,신용,2025-09-15 16:50:00,쿠팡이츠,배달음식,26500,0,00100314
u_001,card_03,카카오뱅크 체크카드,체크,2025-09-15 19:50:00,티머니 대중교통,대중교통,1400,0,00100164
u_001,card_01,신한카드 Deep Dream,신용,2025-09-15 21:05:00,쿠팡 와우멤버십,구독/커머스,7890,0,00100019
u_001,card_03,카카오뱅크 체크카드,체크,2025-09-15 21:39:00,쿠팡이츠,배달음식,33900,0,00100340
u_001,card_01,신한카드 Deep Dream,신용,2025-09-16 09:18:00,백종원의 새마을식당,외식,50100,0,00100351
u_001,card_03,카카오뱅크 체크카드,체크,2025-09-16 10:10:00,GS25 테헤란로점,편의점,3000,0,00100083
u_001,card_01,신한카드 Deep Dream,신용,2025-09-16 14:17:00,티머니 대중교통,대중교통,1400,0,00100213
u_001,card_01,신한카드 Deep Dream,신용,2025-09-17 14:31:00,11번가,온라인쇼핑,93900,0,00100425
u_001,card_01,신한카드 Deep Dream,신용,2025-09-17 16:54:00,티머니 대중교통,대중교통,1500,0,00100175
u_001,card_01,신한카드 Deep Dream,신용,2025-09-17 19:15:00,티머니 대중교통,대중교통,1400,0,00100188
u_001,card_03,카카오뱅크 체크카드,체크,2025-09-18 09:56:00,티머니 대중교통,대중교통,1600,0,00100223
u_001,card_03,카카오뱅크 체크카드,체크,2025-09-18 12:10:00,티머니 대중교통,대중교통,1500,0,00100242
u_001,card_02,삼성 taptap O,신용,2025-09-18 12:55:00,메가커피 역삼점,카페/커피,5400,0,00100027
u_001,card_03,카카오뱅크 체크카드,체크,2025-09-18 13:12:00,컴포즈커피 논현점,카페/커피,4400,0,00100040
u_001,card_02,삼성 taptap O,신용,2025-09-18 14:01:00,스포티파이,구독/음악,11990,0,00100020
u_001,card_02,삼성 taptap O,신용,2025-09-18 17:14:00,빕스 강남점,외식,58000,0,00100375
u_001,card_02,삼성 taptap O,신용,2025-09-18 18:05:00,스시로,외식,10800,0,00100392
u_001,card_01,신한카드 Deep Dream,신용,2025-09-18 20:24:00,스시로,외식,39500,0,00100363
u_001,card_01,신한카드 Deep Dream,신용,2025-09-18 22:11:00,티머니 대중교통,대중교통,1400,0,00100271
u_001,card_03,카카오뱅크 체크카드,체크,2025-09-19 07:45:00,CU 강남역점,편의점,10600,0,00100125
u_001,card_03,카카오뱅크 체크카드,체크,2025-09-19 11:37:00,G마켓,온라인쇼핑,58200,0,00100417
u_001,card_01,신한카드 Deep Dream,신용,2025-09-19 16:20:00,다이소 역삼점,뷰티/드럭,48000,0,00100439
u_001,card_03,카카오뱅크 체크카드,체크,2025-09-19 19:24:00,한촌설렁탕,외식,54600,0,00100367
u_001,card_02,삼성 taptap O,신용,2025-09-19 23:08:00,이마트24 선릉점,편의점,8500,0,00100076
u_001,card_03,카카오뱅크 체크카드,체크,2025-09-20 13:19:00,티머니 대중교통,대중교통,1400,0,00100290
u_001,card_01,신한카드 Deep Dream,신용,2025-09-20 14:23:00,쿠팡,온라인쇼핑,24900,0,00100424
u_001,card_01,신한카드 Deep Dream,신용,2025-09-21 08:15:00,롯데마트 서울역점,대형마트,37000,0,00100401
u_001,card_03,카카오뱅크 체크카드,체크,2025-09-21 21:54:00,티머니 대중교통,대중교통,1500,0,00100151
u_001,card_01,신한카드 Deep Dream,신용,2025-09-22 13:03:00,티머니 대중교통,대중교통,1600,0,00100169
u_001,card_03,카카오뱅크 체크카드,체크,2025-09-22 13:35:00,티머니 대중교통,대중교통,1400,0,00100301
u_001,card_02,삼성 taptap O,신용,2025-09-22 17:29:00,GS25 테헤란로점,편의점,8400,0,00100088
u_001,card_01,신한카드 Deep Dream,신용,2025-09-22 21:27:00,CU 강남역점,편의점,9300,0,00100112
u_001,card_03,카카오뱅크 체크카드,체크,2025-09-23 09:01:00,네이버쇼핑,온라인쇼핑,24000,0,00100411
u_001,card_01,신한카드 Deep Dream,신용,2025-09-23 10:44:00,쿠팡이츠,배달음식,24600,0,00100321
u_001,card_02,삼성 taptap O,신용,2025-09-23 20:43:00,티머니 대중교통,대중교통,1500,0,00100281
u_001,card_03,카카오뱅크 체크카드,체크,2025-09-24 08:37:00,티머니 대중교통,대중교통,1500,0,00100173
u_001,card_02,삼성 taptap O,신용,2025-09-24 08:42:00,티머니 대중교통,대중교통,1600,0,00100284
u_001,card_02,삼성 taptap O,신용,2025-09-24 09:40:00,CU 강남역점,편의점,5800,0,00100097
u_001,card_03,카카오뱅크 체크카드,체크,2025-09-24 17:08:00,GS25 테헤란로점,편의점,9500,0,00100110
u_001,card_01,신한카드 Deep Dream,신용,2025-09-24 18:39:00,배달의민족,배달음식,17600,0,00100317
u_001,card_01,신한카드 Deep Dream,신용,2025-09-25 10:48:00,이디야커피 삼성점,카페/커피,3300,0,00100030
u_001,card_01,신한카드 Deep Dream,신용,2025-09-25 15:29:00,세븐일레븐 역삼점,편의점,5900,0,00100094
u_001,card_01,신한카드 Deep Dream,신용,2025-09-25 18:01:00,SK텔레콤,통신비,55000,0,00100006
u_001,card_01,신한카드 Deep Dream,신용,2025-09-26 15:08:00,빕스 강남점,외식,35500,0,00100386
u_001,card_01,신한카드 Deep Dream,신용,2025-09-26 19:21:00,티머니 대중교통,대중교통,1300,0,00100249
u_001,card_02,삼성 taptap O,신용,2025-09-26 23:24:00,이디야커피 삼성점,카페/커피,2400,0,00100034
u_001,card_01,신한카드 Deep Dream,신용,2025-09-27 09:42:00,롯데마트 서울역점,대형마트,30700,0,00100402
u_001,card_01,신한카드 Deep Dream,신용,2025-09-27 17:22:00,홈플러스 영등포점,대형마트,38700,0,00100399
u_001,card_03,카카오뱅크 체크카드,체크,2025-09-27 19:30:00,스시로,외식,44900,0,00100344
u_001,card_01,신한카드 Deep Dream,신용,2025-09-27 19:34:00,CU 강남역점,편의점,12000,0,00100104
u_001,card_01,신한카드 Deep Dream,신용,2025-09-27 19:54:00,네이버쇼핑,온라인쇼핑,91200,0,00100423
u_001,card_03,카카오뱅크 체크카드,체크,2025-09-27 23:41:00,티머니 대중교통,대중교통,1500,0,00100200
u_001,card_02,삼성 taptap O,신용,2025-09-28 16:43:00,티머니 대중교통,대중교통,1300,0,00100266
u_001,card_01,신한카드 Deep Dream,신용,2025-09-28 18:23:00,이디야커피 삼성점,카페/커피,2800,0,00100044
u_001,card_03,카카오뱅크 체크카드,체크,2025-09-28 20:06:00,티머니 대중교통,대중교통,1300,0,00100149
u_001,card_01,신한카드 Deep Dream,신용,2025-09-28 20:29:00,티머니 대중교통,대중교통,1300,0,00100256
u_001,card_03,카카오뱅크 체크카드,체크,2025-09-29 14:58:00,메가커피 역삼점,카페/커피,4600,0,00100065
u_001,card_03,카카오뱅크 체크카드,체크,2025-09-29 17:09:00,티머니 대중교통,대중교통,1300,0,00100227
u_001,card_03,카카오뱅크 체크카드,체크,2025-09-29 18:22:00,티머니 대중교통,대중교통,1400,0,00100235
u_001,card_01,신한카드 Deep Dream,신용,2025-09-29 20:44:00,쿠팡이츠,배달음식,15500,0,00100326
u_001,card_01,신한카드 Deep Dream,신용,2025-09-29 21:05:00,CU 강남역점,편의점,6500,0,00100108
u_001,card_03,카카오뱅크 체크카드,체크,2025-09-30 13:10:00,티머니 대중교통,대중교통,1400,0,00100195
u_001,card_03,카카오뱅크 체크카드,체크,2025-09-30 14:42:00,CU 강남역점,편의점,10300,0,00100118
u_001,card_03,카카오뱅크 체크카드,체크,2025-09-30 16:07:00,GS25 테헤란로점,편의점,10200,0,00100107
u_001,card_01,신한카드 Deep Dream,신용,2025-09-30 19:06:00,티머니 대중교통,대중교통,1500,0,00100253
u_001,card_03,카카오뱅크 체크카드,체크,2025-09-30 20:49:00,메가커피 역삼점,카페/커피,6600,0,00100054
u_001,card_02,삼성 taptap O,신용,2025-10-01 14:09:00,메가박스 코엑스,문화/여가,23900,0,00100874
u_001,card_02,삼성 taptap O,신용,2025-10-02 15:01:00,빕스 강남점,외식,56700,0,00100795
u_001,card_02,삼성 taptap O,신용,2025-10-02 15:17:00,이마트24 선릉점,편의점,4400,0,00100561
u_001,card_01,신한카드 Deep Dream,신용,2025-10-02 17:13:00,다이소 역삼점,뷰티/드럭,26800,0,00100848
u_001,card_03,카카오뱅크 체크카드,체크,2025-10-02 18:29:00,투썸플레이스 선릉점,카페/커피,3900,0,00100525
u_001,card_03,카카오뱅크 체크카드,체크,2025-10-02 19:13:00,배달의민족,배달음식,22900,0,00100775
u_001,card_02,삼성 taptap O,신용,2025-10-03 08:17:00,교촌치킨,외식,14300,0,00100804
u_001,card_03,카카오뱅크 체크카드,체크,2025-10-03 17:52:00,CU 강남역점,편의점,2500,0,00100539
u_001,card_02,삼성 taptap O,신용,2025-10-03 18:30:00,스타벅스 강남점,카페/커피,3300,0,00100524
u_001,card_01,신한카드 Deep Dream,신용,2025-10-03 19:23:00,쿠팡,온라인쇼핑,20200,0,00100833
u_001,card_03,카카오뱅크 체크카드,체크,2025-10-04 10:29:00,배달의민족,배달음식,15200,0,00100758
u_001,card_01,신한카드 Deep Dream,신용,2025-10-04 12:07:00,쿠팡이츠,배달음식,24000,0,00100773
u_001,card_02,삼성 taptap O,신용,2025-10-04 15:46:00,티머니 대중교통,대중교통,1500,0,00100643
u_001,card_02,삼성 taptap O,신용,2025-10-04 17:43:00,이디야커피 삼성점,카페/커피,2500,0,00100505
u_001,card_03,카카오뱅크 체크카드,체크,2025-10-04 20:49:00,올리브영 강남점,뷰티/드럭,26300,0,00100858
u_001,card_03,카카오뱅크 체크카드,체크,2025-10-04 22:27:00,11번가,온라인쇼핑,62800,0,00100846
u_001,card_03,카카오뱅크 체크카드,체크,2025-10-05 09:15:00,컴포즈커피 논현점,카페/커피,3200,0,00100506
u_001,card_01,신한카드 Deep Dream,신용,2025-10-05 11:13:00,넷플릭스,구독/OTT,13500,0,00100471
u_001,card_02,삼성 taptap O,신용,2025-10-05 17:21:00,쿠팡,온라인쇼핑,81900,0,00100839
u_001,card_02,삼성 taptap O,신용,2025-10-05 19:30:00,스시로,외식,57600,0,00100789
u_001,card_01,신한카드 Deep Dream,신용,2025-10-05 22:21:00,티머니 대중교통,대중교통,1500,0,00100641
u_001,card_02,삼성 taptap O,신용,2025-10-06 19:36:00,박승철헤어스투디오,미용실,46300,0,00100883
u_001,card_01,신한카드 Deep Dream,신용,2025-10-08 07:26:00,티머니 대중교통,대중교통,1600,0,00100589
u_001,card_02,삼성 taptap O,신용,2025-10-08 09:40:00,티머니 대중교통,대중교통,1600,0,00100668
u_001,card_01,신한카드 Deep Dream,신용,2025-10-08 11:16:00,티머니 대중교통,대중교통,1600,0,00100722
u_001,card_02,삼성 taptap O,신용,2025-10-08 15:44:00,배달의민족,배달음식,33200,0,00100751
u_001,card_03,카카오뱅크 체크카드,체크,2025-10-08 18:09:00,티머니 대중교통,대중교통,1300,0,00100593
u_001,card_01,신한카드 Deep Dream,신용,2025-10-08 19:02:00,티머니 대중교통,대중교통,1500,0,00100628
u_001,card_02,삼성 taptap O,신용,2025-10-08 22:20:00,배달의민족,배달음식,27400,0,00100748
u_001,card_03,카카오뱅크 체크카드,체크,2025-10-09 18:08:00,스타벅스 강남점,카페/커피,2400,0,00100496
u_001,card_01,신한카드 Deep Dream,신용,2025-10-09 20:08:00,백종원의 새마을식당,외식,61300,0,00100784
u_001,card_01,신한카드 Deep Dream,신용,2025-10-10 07:34:00,투썸플레이스 선릉점,카페/커피,3900,0,00100490
u_001,card_02,삼성 taptap O,신용,2025-10-10 16:46:00,유튜브 프리미엄,구독/OTT,14900,0,00100476
u_001,card_03,카카오뱅크 체크카드,체크,2025-10-10 17:29:00,이마트24 선릉점,편의점,12400,0,00100569
u_001,card_01,신한카드 Deep Dream,신용,2025-10-10 17:43:00,티머니 대중교통,대중교통,1300,0,00100709
u_001,card_03,카카오뱅크 체크카드,체크,2025-10-10 19:05:00,티머니 대중교통,대중교통,1500,0,00100726
u_001,card_01,신한카드 Deep Dream,신용,2025-10-11 10:34:00,티머니 대중교통,대중교통,1600,0,00100729
u_001,card_01,신한카드 Deep Dream,신용,2025-10-11 10:59:00,홈플러스 영등포점,대형마트,115200,0,00100826
u_001,card_02,삼성 taptap O,신용,2025-10-11 13:12:00,티머니 대중교통,대중교통,1500,0,00100625
u_001,card_03,카카오뱅크 체크카드,체크,2025-10-11 13:44:00,GS25 테헤란로점,편의점,12500,0,00100568
u_001,card_02,삼성 taptap O,신용,2025-10-11 15:15:00,티머니 대중교통,대중교통,1300,0,00100674
u_001,card_01,신한카드 Deep Dream,신용,2025-10-11 19:55:00,세븐일레븐 역삼점,편의점,5600,0,00100574
u_001,card_02,삼성 taptap O,신용,2025-10-12 07:16:00,백종원의 새마을식당,외식,60800,0,00100785
u_001,card_01,신한카드 Deep Dream,신용,2025-10-13 17:27:00,이디야커피 삼성점,카페/커피,5700,0,00100514
u_001,card_01,신한카드 Deep Dream,신용,2025-10-14 09:55:00,티머니 대중교통,대중교통,1500,0,00100678
u_001,card_03,카카오뱅크 체크카드,체크,2025-10-14 12:19:00,티머니 대중교통,대중교통,1400,0,00100616
u_001,card_01,신한카드 Deep Dream,신용,2025-10-14 19:16:00,티머니 대중교통,대중교통,1600,0,00100646
u_001,card_01,신한카드 Deep Dream,신용,2025-10-14 19:20:00,홈플러스 영등포점,대형마트,72400,0,00100822
u_001,card_03,카카오뱅크 체크카드,체크,2025-10-14 21:52:00,CU 강남역점,편의점,3400,0,00100534
u_001,card_03,카카오뱅크 체크카드,체크,2025-10-15 12:55:00,메가커피 역삼점,카페/커피,4800,0,00100504
u_001,card_01,신한카드 Deep Dream,신용,2025-10-15 19:07:00,롯데마트 서울역점,대형마트,94300,0,00100816
u_001,card_01,신한카드 Deep Dream,신용,2025-10-15 23:33:00,쿠팡 와우멤버십,구독/커머스,7890,0,00100481
u_001,card_01,신한카드 Deep Dream,신용,2025-10-15 23:38:00,티머니 대중교통,대중교통,1600,0,00100588
u_001,card_03,카카오뱅크 체크카드,체크,2025-10-16 12:43:00,티머니 대중교통,대중교통,1500,0,00100662
u_001,card_02,삼성 taptap O,신용,2025-10-16 13:18:00,티머니 대중교통,대중교통,1300,0,00100702
u_001,card_03,카카오뱅크 체크카드,체크,2025-10-16 14:58:00,티머니 대중교통,대중교통,1400,0,00100602
u_001,card_02,삼성 taptap O,신용,2025-10-16 16:58:00,스시로,외식,35300,0,00100799
u_001,card_03,카카오뱅크 체크카드,체크,2025-10-17 12:50:00,티머니 대중교통,대중교통,1600,0,00100609
u_001,card_03,카카오뱅크 체크카드,체크,2025-10-17 12:52:00,티머니 대중교통,대중교통,1500,0,00100733
u_001,card_02,삼성 taptap O,신용,2025-10-18 12:06:00,스포티파이,구독/음악,11990,0,00100488
u_001,card_03,카카오뱅크 체크카드,체크,2025-10-18 18:49:00,컴포즈커피 논현점,카페/커피,5400,0,00100511
u_001,card_03,카카오뱅크 체크카드,체크,2025-10-19 09:48:00,컴포즈커피 논현점,카페/커피,2500,0,00100516
u_001,card_03,카카오뱅크 체크카드,체크,2025-10-19 15:26:00,이마트24 선릉점,편의점,8600,0,00100564
u_001,card_03,카카오뱅크 체크카드,체크,2025-10-19 15:30:00,티머니 대중교통,대중교통,1500,0,00100619
u_001,card_02,삼성 taptap O,신용,2025-10-20 17:14:00,티머니 대중교통,대중교통,1600,0,00100682
u_001,card_02,삼성 taptap O,신용,2025-10-20 17:42:00,자라 코엑스점,의류/패션,117500,0,00100865
u_001,card_03,카카오뱅크 체크카드,체크,2025-10-20 20:54:00,티머니 대중교통,대중교통,1600,0,00100652
u_001,card_01,신한카드 Deep Dream,신용,2025-10-21 07:51:00,티머니 대중교통,대중교통,1400,0,00100686
u_001,card_03,카카오뱅크 체크카드,체크,2025-10-21 10:11:00,투썸플레이스 선릉점,카페/커피,3700,0,00100521
u_001,card_02,삼성 taptap O,신용,2025-10-21 12:26:00,CGV 강남,문화/여가,14000,0,00100878
u_001,card_02,삼성 taptap O,신용,2025-10-21 12:28:00,롯데마트 서울역점,대형마트,113300,0,00100818
u_001,card_02,삼성 taptap O,신용,2025-10-21 13:24:00,티머니 대중교통,대중교통,1500,0,00100696
u_001,card_02,삼성 taptap O,신용,2025-10-21 14:38:00,명동교자,외식,47400,0,00100809
u_001,card_02,삼성 taptap O,신용,2025-10-21 22:17:00,쿠팡이츠,배달음식,15200,0,00100763
u_001,card_01,신한카드 Deep Dream,신용,2025-10-21 22:19:00,배달의민족,배달음식,25400,0,00100755
u_001,card_01,신한카드 Deep Dream,신용,2025-10-22 12:42:00,대한항공,여행/숙박,768000,0,00100887
u_001,card_03,카카오뱅크 체크카드,체크,2025-10-22 13:35:00,올리브영 강남점,뷰티/드럭,39600,0,00100851
u_001,card_03,카카오뱅크 체크카드,체크,2025-10-22 18:42:00,투썸플레이스 선릉점,카페/커피,3900,0,00100532
u_001,card_02,삼성 taptap O,신용,2025-10-22 19:56:00,쿠팡이츠,배달음식,29700,0,00100762
u_001,card_01,신한카드 Deep Dream,신용,2025-10-23 18:19:00,무신사,의류/패션,64100,0,00100868
u_001,card_01,신한카드 Deep Dream,신용,2025-10-23 22:54:00,배달의민족,배달음식,24100,0,00100766
u_001,card_01,신한카드 Deep Dream,신용,2025-10-24 12:43:00,세븐일레븐 역삼점,편의점,6800,0,00100554
u_001,card_02,삼성 taptap O,신용,2025-10-24 18:52:00,티머니 대중교통,대중교통,1500,0,00100634
u_001,card_03,카카오뱅크 체크카드,체크,2025-10-24 20:23:00,티머니 대중교통,대중교통,1600,0,00100743
u_001,card_03,카카오뱅크 체크카드,체크,2025-10-24 21:49:00,티머니 대중교통,대중교통,1300,0,00100716
u_001,card_03,카카오뱅크 체크카드,체크,2025-10-25 11:35:00,이마트24 선릉점,편의점,9700,0,00100581
u_001,card_02,삼성 taptap O,신용,2025-10-25 15:14:00,명동교자,외식,32700,0,00100794
u_001,card_01,신한카드 Deep Dream,신용,2025-10-25 19:48:00,SK텔레콤,통신비,55000,0,00100465
u_001,card_03,카카오뱅크 체크카드,체크,2025-10-25 20:23:00,티머니 대중교통,대중교통,1400,0,00100736
u_001,card_03,카카오뱅크 체크카드,체크,2025-10-25 21:41:00,티머니 대중교통,대중교통,1600,0,00100723
u_001,card_01,신한카드 Deep Dream,신용,2025-10-26 09:23:00,티머니 대중교통,대중교통,1500,0,00100742
u_001,card_01,신한카드 Deep Dream,신용,2025-10-26 23:08:00,한촌설렁탕,외식,48100,0,00100783
u_001,card_02,삼성 taptap O,신용,2025-10-27 11:23:00,이마트24 선릉점,편의점,1500,0,00100579
u_001,card_02,삼성 taptap O,신용,2025-10-27 18:38:00,배달의민족,배달음식,26900,0,00100774
u_001,card_02,삼성 taptap O,신용,2025-10-27 20:14:00,배달의민족,배달음식,30200,0,00100778
u_001,card_01,신한카드 Deep Dream,신용,2025-10-28 13:01:00,티머니 대중교통,대중교통,1300,0,00100669
u_001,card_03,카카오뱅크 체크카드,체크,2025-10-28 17:30:00,스타벅스 강남점,카페/커피,6000,0,00100500
u_001,card_03,카카오뱅크 체크카드,체크,2025-10-28 18:17:00,GS25 테헤란로점,편의점,10900,0,00100559
u_001,card_03,카카오뱅크 체크카드,체크,2025-10-28 18:56:00,티머니 대중교통,대중교통,1500,0,00100659
u_001,card_01,신한카드 Deep Dream,신용,2025-10-29 22:37:00,티머니 대중교통,대중교통,1400,0,00100689
u_001,card_02,삼성 taptap O,신용,2025-10-30 12:53:00,티머니 대중교통,대중교통,1600,0,00100597
u_001,card_01,신한카드 Deep Dream,신용,2025-10-30 18:44:00,이마트24 선릉점,편의점,6200,0,00100543
u_001,card_03,카카오뱅크 체크카드,체크,2025-10-31 15:04:00,티머니 대중교통,대중교통,1400,0,00100735
u_001,card_02,삼성 taptap O,신용,2025-10-31 17:56:00,이마트24 선릉점,편의점,6000,0,00100547
u_001,card_01,신한카드 Deep Dream,신용,2025-11-01 08:49:00,티머니 대중교통,대중교통,1300,0,00101169
u_001,card_03,카카오뱅크 체크카드,체크,2025-11-02 11:49:00,티머니 대중교통,대중교통,1400,0,00101129
u_001,card_03,카카오뱅크 체크카드,체크,2025-11-02 14:55:00,G마켓,온라인쇼핑,47000,0,00101279
u_001,card_01,신한카드 Deep Dream,신용,2025-11-02 18:36:00,이마트 성수점,대형마트,31700,0,00101251
u_001,card_02,삼성 taptap O,신용,2025-11-03 13:56:00,스시로,외식,38500,0,00101228
u_001,card_02,삼성 taptap O,신용,2025-11-03 15:40:00,티머니 대중교통,대중교통,1500,0,00101115
u_001,card_01,신한카드 Deep Dream,신용,2025-11-03 21:09:00,티머니 대중교통,대중교통,1600,0,00101076
u_001,card_01,신한카드 Deep Dream,신용,2025-11-04 09:15:00,티머니 대중교통,대중교통,1600,0,00101098
u_001,card_01,신한카드 Deep Dream,신용,2025-11-04 19:42:00,이마트24 선릉점,편의점,10600,0,00101016
u_001,card_01,신한카드 Deep Dream,신용,2025-11-05 19:07:00,넷플릭스,구독/OTT,13500,0,00100892
u_001,card_01,신한카드 Deep Dream,신용,2025-11-05 19:32:00,티머니 대중교통,대중교통,1300,0,00101038
u_001,card_02,삼성 taptap O,신용,2025-11-06 12:35:00,이디야커피 삼성점,카페/커피,3100,0,00100918
u_001,card_01,신한카드 Deep Dream,신용,2025-11-07 12:38:00,다이소 역삼점,뷰티/드럭,46200,0,00101294
u_001,card_03,카카오뱅크 체크카드,체크,2025-11-07 15:57:00,배달의민족,배달음식,16000,0,00101195
u_001,card_03,카카오뱅크 체크카드,체크,2025-11-07 20:52:00,투썸플레이스 선릉점,카페/커피,4900,0,00100946
u_001,card_01,신한카드 Deep Dream,신용,2025-11-08 11:09:00,메가커피 역삼점,카페/커피,2800,0,00100953
u_001,card_03,카카오뱅크 체크카드,체크,2025-11-08 11:43:00,티머니 대중교통,대중교통,1400,0,00101057
u_001,card_01,신한카드 Deep Dream,신용,2025-11-08 18:33:00,메가커피 역삼점,카페/커피,4700,0,00100944
u_001,card_03,카카오뱅크 체크카드,체크,2025-11-08 20:41:00,티머니 대중교통,대중교통,1300,0,00101083
u_001,card_02,삼성 taptap O,신용,2025-11-09 19:33:00,티머니 대중교통,대중교통,1400,0,00101094
u_001,card_02,삼성 taptap O,신용,2025-11-10 15:18:00,유튜브 프리미엄,구독/OTT,14900,0,00100898
u_001,card_01,신한카드 Deep Dream,신용,2025-11-10 15:28:00,티머니 대중교통,대중교통,1500,0,00101160
u_001,card_01,신한카드 Deep Dream,신용,2025-11-10 16:19:00,컴포즈커피 논현점,카페/커피,4200,0,00100976
u_001,card_01,신한카드 Deep Dream,신용,2025-11-10 18:05:00,이마트24 선릉점,편의점,12200,0,00101022
u_001,card_01,신한카드 Deep Dream,신용,2025-11-10 19:12:00,티머니 대중교통,대중교통,1300,0,00101031
u_001,card_02,삼성 taptap O,신용,2025-11-10 21:40:00,배달의민족,배달음식,21800,0,00101202
u_001,card_01,신한카드 Deep Dream,신용,2025-11-11 15:09:00,G마켓,온라인쇼핑,40700,0,00101277
u_001,card_03,카카오뱅크 체크카드,체크,2025-11-11 17:16:00,티머니 대중교통,대중교통,1400,0,00101137
u_001,card_01,신한카드 Deep Dream,신용,2025-11-11 18:28:00,CU 강남역점,편의점,2900,0,00101004
u_001,card_03,카카오뱅크 체크카드,체크,2025-11-12 08:09:00,티머니 대중교통,대중교통,1400,0,00101175
u_001,card_02,삼성 taptap O,신용,2025-11-12 08:15:00,티머니 대중교통,대중교통,1400,0,00101121
u_001,card_03,카카오뱅크 체크카드,체크,2025-11-12 16:07:00,티머니 대중교통,대중교통,1500,0,00101069
u_001,card_01,신한카드 Deep Dream,신용,2025-11-12 18:33:00,티머니 대중교통,대중교통,1400,0,00101111
u_001,card_03,카카오뱅크 체크카드,체크,2025-11-12 19:05:00,티머니 대중교통,대중교통,1500,0,00101156
u_001,card_01,신한카드 Deep Dream,신용,2025-11-13 09:47:00,쿠팡이츠,배달음식,22300,0,00101182
u_001,card_02,삼성 taptap O,신용,2025-11-14 12:05:00,티머니 대중교통,대중교통,1300,0,00101080
u_001,card_01,신한카드 Deep Dream,신용,2025-11-14 17:20:00,홈플러스 영등포점,대형마트,91500,0,00101275
u_001,card_03,카카오뱅크 체크카드,체크,2025-11-14 21:59:00,티머니 대중교통,대중교통,1300,0,00101077
u_001,card_02,삼성 taptap O,신용,2025-11-14 22:10:00,스타벅스 강남점,카페/커피,4400,0,00100932
u_001,card_02,삼성 taptap O,신용,2025-11-15 09:08:00,티머니 대중교통,대중교통,1400,0,00101180
u_001,card_02,삼성 taptap O,신용,2025-11-15 13:41:00,스타벅스 강남점,카페/커피,2300,0,00100983
u_001,card_03,카카오뱅크 체크카드,체크,2025-11-15 16:26:00,티머니 대중교통,대중교통,1500,0,00101059
u_001,card_03,카카오뱅크 체크카드,체크,2025-11-15 17:45:00,투썸플레이스 선릉점,카페/커피,2600,0,00100925
u_001,card_01,신한카드 Deep Dream,신용,2025-11-15 18:31:00,쿠팡 와우멤버십,구독/커머스,7890,0,00100903
u_001,card_02,삼성 taptap O,신용,2025-11-15 18:35:00,쿠팡이츠,배달음식,14900,0,00101200
u_001,card_03,카카오뱅크 체크카드,체크,2025-11-15 19:14:00,티머니 대중교통,대중교통,1600,0,00101052
u_001,card_03,카카오뱅크 체크카드,체크,2025-11-15 20:04:00,티머니 대중교통,대중교통,1600,0,00101135
u_001,card_03,카카오뱅크 체크카드,체크,2025-11-16 09:49:00,쿠팡이츠,배달음식,29000,0,00101185
u_001,card_01,신한카드 Deep Dream,신용,2025-11-16 22:32:00,G마켓,온라인쇼핑,49400,0,00101287
u_001,card_03,카카오뱅크 체크카드,체크,2025-11-17 09:20:00,스시로,외식,35900,0,00101221
u_001,card_01,신한카드 Deep Dream,신용,2025-11-17 10:57:00,신라스테이,여행/숙박,469000,6,00101317
u_001,card_02,삼성 taptap O,신용,2025-11-17 13:10:00,한촌설렁탕,외식,12600,0,00101235
u_001,card_02,삼성 taptap O,신용,2025-11-17 21:24:00,CU 강남역점,편의점,11500,0,00101008
u_001,card_03,카카오뱅크 체크카드,체크,2025-11-18 13:00:00,티머니 대중교통,대중교통,1300,0,00101108
u_001,card_01,신한카드 Deep Dream,신용,2025-11-18 16:32:00,연세이비인후과,병원/약국,52900,0,00101312
u_001,card_03,카카오뱅크 체크카드,체크,2025-11-18 16:51:00,롯데마트 서울역점,대형마트,66000,0,00101264
u_001,card_02,삼성 taptap O,신용,2025-11-18 18:02:00,스포티파이,구독/음악,11990,0,00100905
u_001,card_03,카카오뱅크 체크카드,체크,2025-11-18 18:53:00,세븐일레븐 역삼점,편의점,7700,0,00101028
u_001,card_03,카카오뱅크 체크카드,체크,2025-11-18 21:39:00,티머니 대중교통,대중교통,1600,0,00101040
u_001,card_02,삼성 taptap O,신용,2025-11-19 09:32:00,예스24,문화/여가,24800,0,00101304
u_001,card_02,삼성 taptap O,신용,2025-11-19 19:38:00,백종원의 새마을식당,외식,19100,0,00101248
u_001,card_01,신한카드 Deep Dream,신용,2025-11-19 20:47:00,컴포즈커피 논현점,카페/커피,5300,0,00100939
u_001,card_03,카카오뱅크 체크카드,체크,2025-11-19 21:41:00,이디야커피 삼성점,카페/커피,6700,0,00100966
u_001,card_01,신한카드 Deep Dream,신용,2025-11-20 08:28:00,투썸플레이스 선릉점,카페/커피,4600,0,00100972
u_001,card_01,신한카드 Deep Dream,신용,2025-11-20 09:42:00,티머니 대중교통,대중교통,1300,0,00101159
u_001,card_03,카카오뱅크 체크카드,체크,2025-11-20 15:51:00,CU 강남역점,편의점,9300,0,00100999
u_001,card_02,삼성 taptap O,신용,2025-11-20 17:50:00,이마트24 선릉점,편의점,11200,0,00100989
u_001,card_01,신한카드 Deep Dream,신용,2025-11-20 20:15:00,투썸플레이스 선릉점,카페/커피,5800,0,00100936
u_001,card_01,신한카드 Deep Dream,신용,2025-11-20 20:49:00,티머니 대중교통,대중교통,1400,0,00101045
u_001,card_01,신한카드 Deep Dream,신용,2025-11-20 22:49:00,스타벅스 강남점,카페/커피,2400,0,00100907
u_001,card_01,신한카드 Deep Dream,신용,2025-11-20 23:46:00,한촌설렁탕,외식,14600,0,00101215
u_001,card_01,신한카드 Deep Dream,신용,2025-11-21 13:56:00,티머니 대중교통,대중교통,1400,0,00101148
u_001,card_02,삼성 taptap O,신용,2025-11-21 16:10:00,명동교자,외식,28800,0,00101245
u_001,card_01,신한카드 Deep Dream,신용,2025-11-21 18:31:00,롯데마트 서울역점,대형마트,55600,0,00101257
u_001,card_01,신한카드 Deep Dream,신용,2025-11-21 20:31:00,티머니 대중교통,대중교통,1600,0,00101103
u_001,card_03,카카오뱅크 체크카드,체크,2025-11-22 14:23:00,GS25 테헤란로점,편의점,10100,0,00101029
u_001,card_01,신한카드 Deep Dream,신용,2025-11-22 18:10:00,홈플러스 영등포점,대형마트,81200,0,00101268
u_001,card_03,카카오뱅크 체크카드,체크,2025-11-22 19:21:00,티머니 대중교통,대중교통,1600,0,00101123
u_001,card_02,삼성 taptap O,신용,2025-11-22 19:27:00,스타벅스 강남점,카페/커피,4900,0,00100919
u_001,card_02,삼성 taptap O,신용,2025-11-22 20:27:00,유니클로 강남점,의류/패션,90700,0,00101296
u_001,card_02,삼성 taptap O,신용,2025-11-22 20:43:00,티머니 대중교통,대중교통,1600,0,00101163
u_001,card_03,카카오뱅크 체크카드,체크,2025-11-23 12:58:00,배달의민족,배달음식,26600,0,00101189
u_001,card_01,신한카드 Deep Dream,신용,2025-11-24 11:44:00,티머니 대중교통,대중교통,1500,0,00101152
u_001,card_01,신한카드 Deep Dream,신용,2025-11-24 13:35:00,G마켓,온라인쇼핑,54300,0,00101276
u_001,card_01,신한카드 Deep Dream,신용,2025-11-24 23:03:00,티머니 대중교통,대중교통,1400,0,00101161
u_001,card_01,신한카드 Deep Dream,신용,2025-11-25 07:47:00,투썸플레이스 선릉점,카페/커피,4100,0,00100911
u_001,card_01,신한카드 Deep Dream,신용,2025-11-25 08:12:00,티머니 대중교통,대중교통,1500,0,00101136
u_001,card_01,신한카드 Deep Dream,신용,2025-11-25 15:17:00,SK텔레콤,통신비,55000,0,00100889
u_001,card_03,카카오뱅크 체크카드,체크,2025-11-25 18:04:00,GS25 테헤란로점,편의점,7000,0,00101011
u_001,card_03,카카오뱅크 체크카드,체크,2025-11-25 18:29:00,메가커피 역삼점,카페/커피,2600,0,00100960
u_001,card_02,삼성 taptap O,신용,2025-11-25 19:08:00,빕스 강남점,외식,45100,0,00101232
u_001,card_01,신한카드 Deep Dream,신용,2025-11-25 20:03:00,티머니 대중교통,대중교통,1600,0,00101144
u_001,card_01,신한카드 Deep Dream,신용,2025-11-26 11:08:00,배달의민족,배달음식,23800,0,00101204
u_001,card_01,신한카드 Deep Dream,신용,2025-11-26 13:46:00,티머니 대중교통,대중교통,1300,0,00101047
u_001,card_01,신한카드 Deep Dream,신용,2025-11-26 17:29:00,배달의민족,배달음식,28200,0,00101211
u_001,card_01,신한카드 Deep Dream,신용,2025-11-26 21:30:00,티머니 대중교통,대중교통,1300,0,00101089
u_001,card_02,삼성 taptap O,신용,2025-11-27 07:05:00,티머니 대중교통,대중교통,1300,0,00101090
u_001,card_03,카카오뱅크 체크카드,체크,2025-11-27 08:30:00,티머니 대중교통,대중교통,1400,0,00101066
u_001,card_01,신한카드 Deep Dream,신용,2025-11-27 09:23:00,준오헤어 강남점,미용실,62800,0,00101311
u_001,card_01,신한카드 Deep Dream,신용,2025-11-27 10:32:00,11번가,온라인쇼핑,51900,0,00101283
u_001,card_01,신한카드 Deep Dream,신용,2025-11-28 18:58:00,세븐일레븐 역삼점,편의점,4000,0,00101019
u_001,card_01,신한카드 Deep Dream,신용,2025-11-28 22:17:00,교촌치킨,외식,14200,0,00101240
u_001,card_01,신한카드 Deep Dream,신용,2025-11-29 14:02:00,자라 코엑스점,의류/패션,63700,0,00101300
u_001,card_03,카카오뱅크 체크카드,체크,2025-11-29 17:12:00,이마트24 선릉점,편의점,2200,0,00100992
u_001,card_01,신한카드 Deep Dream,신용,2025-11-30 22:57:00,백종원의 새마을식당,외식,55500,0,00101238
u_001,card_02,삼성 taptap O,신용,2025-12-01 15:14:00,홈플러스 영등포점,대형마트,111100,0,00101686
u_001,card_01,신한카드 Deep Dream,신용,2025-12-01 20:52:00,명동교자,외식,22600,0,00101664
u_001,card_03,카카오뱅크 체크카드,체크,2025-12-02 22:56:00,티머니 대중교통,대중교통,1600,0,00101516
u_001,card_01,신한카드 Deep Dream,신용,2025-12-03 19:12:00,티머니 대중교통,대중교통,1500,0,00101563
u_001,card_02,삼성 taptap O,신용,2025-12-04 14:26:00,스타벅스 강남점,카페/커피,3600,0,00101365
u_001,card_01,신한카드 Deep Dream,신용,2025-12-04 15:35:00,쿠팡,온라인쇼핑,26400,0,00101701
u_001,card_03,카카오뱅크 체크카드,체크,2025-12-04 15:48:00,쿠팡,온라인쇼핑,21000,0,00101696
u_001,card_02,삼성 taptap O,신용,2025-12-05 10:24:00,롯데마트 서울역점,대형마트,77800,0,00101693
u_001,card_01,신한카드 Deep Dream,신용,2025-12-05 14:39:00,넷플릭스,구독/OTT,13500,0,00101325
u_001,card_01,신한카드 Deep Dream,신용,2025-12-05 17:15:00,티머니 대중교통,대중교통,1400,0,00101552
u_001,card_03,카카오뱅크 체크카드,체크,2025-12-05 19:19:00,티머니 대중교통,대중교통,1600,0,00101510
u_001,card_01,신한카드 Deep Dream,신용,2025-12-05 23:25:00,티머니 대중교통,대중교통,1600,0,00101506
u_001,card_03,카카오뱅크 체크카드,체크,2025-12-06 18:21:00,스시로,외식,14400,0,00101647
u_001,card_03,카카오뱅크 체크카드,체크,2025-12-07 21:55:00,컴포즈커피 논현점,카페/커피,5400,0,00101372
u_001,card_01,신한카드 Deep Dream,신용,2025-12-07 23:14:00,티머니 대중교통,대중교통,1600,0,00101534
u_001,card_01,신한카드 Deep Dream,신용,2025-12-08 08:38:00,티머니 대중교통,대중교통,1400,0,00101522
u_001,card_01,신한카드 Deep Dream,신용,2025-12-08 12:06:00,컴포즈커피 논현점,카페/커피,2400,0,00101408
u_001,card_03,카카오뱅크 체크카드,체크,2025-12-08 16:26:00,티머니 대중교통,대중교통,1400,0,00101540
u_001,card_01,신한카드 Deep Dream,신용,2025-12-08 17:37:00,티머니 대중교통,대중교통,1600,0,00101598
u_001,card_01,신한카드 Deep Dream,신용,2025-12-08 20:46:00,쿠팡이츠,배달음식,28400,0,00101611
u_001,card_03,카카오뱅크 체크카드,체크,2025-12-08 21:35:00,티머니 대중교통,대중교통,1400,0,00101556
u_001,card_01,신한카드 Deep Dream,신용,2025-12-09 08:27:00,다이소 역삼점,뷰티/드럭,27700,0,00101712
u_001,card_03,카카오뱅크 체크카드,체크,2025-12-09 11:48:00,티머니 대중교통,대중교통,1400,0,00101568
u_001,card_03,카카오뱅크 체크카드,체크,2025-12-09 14:31:00,티머니 대중교통,대중교통,1300,0,00101541
u_001,card_03,카카오뱅크 체크카드,체크,2025-12-09 17:16:00,세븐일레븐 역삼점,편의점,6900,0,00101457
u_001,card_01,신한카드 Deep Dream,신용,2025-12-09 18:37:00,투썸플레이스 선릉점,카페/커피,6600,0,00101404
u_001,card_01,신한카드 Deep Dream,신용,2025-12-09 19:41:00,GS25 테헤란로점,편의점,4700,0,00101429
u_001,card_02,삼성 taptap O,신용,2025-12-09 20:46:00,티머니 대중교통,대중교통,1400,0,00101586
u_001,card_03,카카오뱅크 체크카드,체크,2025-12-10 09:36:00,GS25 테헤란로점,편의점,12100,0,00101415
u_001,card_03,카카오뱅크 체크카드,체크,2025-12-10 10:32:00,이마트24 선릉점,편의점,8900,0,00101426
u_001,card_02,삼성 taptap O,신용,2025-12-10 20:37:00,유튜브 프리미엄,구독/OTT,14900,0,00101328
u_001,card_01,신한카드 Deep Dream,신용,2025-12-10 22:46:00,무신사,의류/패션,92500,0,00101718
u_001,card_02,삼성 taptap O,신용,2025-12-10 22:50:00,컴포즈커피 논현점,카페/커피,2200,0,00101348
u_001,card_03,카카오뱅크 체크카드,체크,2025-12-11 10:35:00,스타벅스 강남점,카페/커피,5900,0,00101410
u_001,card_01,신한카드 Deep Dream,신용,2025-12-11 13:25:00,서울대학교치과,병원/약국,84100,0,00101731
u_001,card_01,신한카드 Deep Dream,신용,2025-12-12 09:19:00,CU 강남역점,편의점,12800,0,00101459
u_001,card_03,카카오뱅크 체크카드,체크,2025-12-12 11:52:00,투썸플레이스 선릉점,카페/커피,5600,0,00101402
u_001,card_03,카카오뱅크 체크카드,체크,2025-12-12 13:26:00,티머니 대중교통,대중교통,1600,0,00101545
u_001,card_01,신한카드 Deep Dream,신용,2025-12-12 21:48:00,티머니 대중교통,대중교통,1300,0,00101515
u_001,card_02,삼성 taptap O,신용,2025-12-13 08:00:00,스시로,외식,33900,0,00101642
u_001,card_03,카카오뱅크 체크카드,체크,2025-12-13 18:18:00,세븐일레븐 역삼점,편의점,12700,0,00101462
u_001,card_01,신한카드 Deep Dream,신용,2025-12-13 19:08:00,명동교자,외식,53400,0,00101678
u_001,card_01,신한카드 Deep Dream,신용,2025-12-14 10:13:00,배달의민족,배달음식,16500,0,00101620
u_001,card_01,신한카드 Deep Dream,신용,2025-12-14 12:36:00,배달의민족,배달음식,21700,0,00101605
u_001,card_01,신한카드 Deep Dream,신용,2025-12-14 17:38:00,쿠팡,온라인쇼핑,22500,0,00101706
u_001,card_01,신한카드 Deep Dream,신용,2025-12-14 18:11:00,세븐일레븐 역삼점,편의점,9900,0,00101444
u_001,card_01,신한카드 Deep Dream,신용,2025-12-14 19:38:00,한촌설렁탕,외식,24200,0,00101683
u_001,card_02,삼성 taptap O,신용,2025-12-15 08:29:00,티머니 대중교통,대중교통,1300,0,00101484
u_001,card_01,신한카드 Deep Dream,신용,2025-12-15 16:32:00,쿠팡 와우멤버십,구독/커머스,7890,0,00101333
u_001,card_02,삼성 taptap O,신용,2025-12-15 18:39:00,배달의민족,배달음식,24200,0,00101624
u_001,card_01,신한카드 Deep Dream,신용,2025-12-16 14:28:00,CU 강남역점,편의점,6800,0,00101451
u_001,card_03,카카오뱅크 체크카드,체크,2025-12-17 15:34:00,투썸플레이스 선릉점,카페/커피,5100,0,00101379
u_001,card_03,카카오뱅크 체크카드,체크,2025-12-17 18:48:00,배달의민족,배달음식,13100,0,00101615
u_001,card_01,신한카드 Deep Dream,신용,2025-12-17 20:43:00,쿠팡이츠,배달음식,21000,0,00101629
u_001,card_03,카카오뱅크 체크카드,체크,2025-12-18 11:15:00,투썸플레이스 선릉점,카페/커피,4900,0,00101382
u_001,card_02,삼성 taptap O,신용,2025-12-18 16:36:00,스포티파이,구독/음악,11990,0,00101336
u_001,card_02,삼성 taptap O,신용,2025-12-18 17:22:00,티머니 대중교통,대중교통,1400,0,00101582
u_001,card_01,신한카드 Deep Dream,신용,2025-12-18 17:24:00,홈플러스 영등포점,대형마트,77200,0,00101687
u_001,card_02,삼성 taptap O,신용,2025-12-18 20:59:00,CU 강남역점,편의점,2100,0,00101416
u_001,card_03,카카오뱅크 체크카드,체크,2025-12-18 23:49:00,메가커피 역삼점,카페/커피,4400,0,00101385
u_001,card_03,카카오뱅크 체크카드,체크,2025-12-19 17:10:00,메가커피 역삼점,카페/커피,6700,0,00101353
u_001,card_02,삼성 taptap O,신용,2025-12-19 18:34:00,티머니 대중교통,대중교통,1300,0,00101487
u_001,card_01,신한카드 Deep Dream,신용,2025-12-19 20:28:00,티머니 대중교통,대중교통,1500,0,00101477
u_001,card_03,카카오뱅크 체크카드,체크,2025-12-20 12:25:00,쿠팡이츠,배달음식,29200,0,00101632
u_001,card_01,신한카드 Deep Dream,신용,2025-12-20 13:25:00,교보문고,문화/여가,24800,0,00101721
u_001,card_03,카카오뱅크 체크카드,체크,2025-12-20 16:29:00,CU 강남역점,편의점,5100,0,00101468
u_001,card_03,카카오뱅크 체크카드,체크,2025-12-20 21:48:00,이마트24 선릉점,편의점,7600,0,00101473
u_001,card_03,카카오뱅크 체크카드,체크,2025-12-21 12:36:00,메가커피 역삼점,카페/커피,5100,0,00101359
u_001,card_03,카카오뱅크 체크카드,체크,2025-12-21 19:18:00,이마트24 선릉점,편의점,9300,0,00101413
u_001,card_01,신한카드 Deep Dream,신용,2025-12-22 16:51:00,티머니 대중교통,대중교통,1400,0,00101478
u_001,card_01,신한카드 Deep Dream,신용,2025-12-22 17:00:00,배달의민족,배달음식,28000,0,00101625
u_001,card_03,카카오뱅크 체크카드,체크,2025-12-22 18:02:00,빕스 강남점,외식,14300,0,00101636
u_001,card_02,삼성 taptap O,신용,2025-12-22 20:15:00,티머니 대중교통,대중교통,1600,0,00101514
u_001,card_01,신한카드 Deep Dream,신용,2025-12-23 13:59:00,이디야커피 삼성점,카페/커피,3700,0,00101392
u_001,card_03,카카오뱅크 체크카드,체크,2025-12-23 14:14:00,티머니 대중교통,대중교통,1300,0,00101527
u_001,card_03,카카오뱅크 체크카드,체크,2025-12-23 19:36:00,GS25 테헤란로점,편의점,4600,0,00101435
u_001,card_01,신한카드 Deep Dream,신용,2025-12-23 21:43:00,스시로,외식,46100,0,00101657
u_001,card_02,삼성 taptap O,신용,2025-12-23 23:03:00,한촌설렁탕,외식,56500,0,00101679
u_001,card_02,삼성 taptap O,신용,2025-12-24 10:24:00,네이버쇼핑,온라인쇼핑,82300,0,00101709
u_001,card_01,신한카드 Deep Dream,신용,2025-12-24 12:50:00,GS칼텍스 셀프주유소,주유,72200,0,00101735
u_001,card_02,삼성 taptap O,신용,2025-12-24 17:42:00,메가커피 역삼점,카페/커피,2500,0,00101376
u_001,card_01,신한카드 Deep Dream,신용,2025-12-24 18:24:00,투썸플레이스 선릉점,카페/커피,4200,0,00101396
u_001,card_01,신한카드 Deep Dream,신용,2025-12-24 19:10:00,쿠팡이츠,배달음식,28100,0,00101613
u_001,card_02,삼성 taptap O,신용,2025-12-24 20:21:00,티머니 대중교통,대중교통,1600,0,00101571
u_001,card_01,신한카드 Deep Dream,신용,2025-12-24 21:41:00,쿠팡이츠,배달음식,29900,0,00101614
u_001,card_02,삼성 taptap O,신용,2025-12-25 14:36:00,티머니 대중교통,대중교통,1400,0,00101593
u_001,card_02,삼성 taptap O,신용,2025-12-25 16:23:00,티머니 대중교통,대중교통,1400,0,00101474
u_001,card_02,삼성 taptap O,신용,2025-12-25 18:05:00,홈플러스 영등포점,대형마트,109100,0,00101690
u_001,card_03,카카오뱅크 체크카드,체크,2025-12-25 18:25:00,티머니 대중교통,대중교통,1500,0,00101579
u_001,card_03,카카오뱅크 체크카드,체크,2025-12-25 18:25:00,CU 강남역점,편의점,4700,0,00101442
u_001,card_02,삼성 taptap O,신용,2025-12-25 21:28:00,티머니 대중교통,대중교통,1600,0,00101496
u_001,card_01,신한카드 Deep Dream,신용,2025-12-25 22:20:00,SK텔레콤,통신비,55000,0,00101319
u_001,card_01,신한카드 Deep Dream,신용,2025-12-26 14:49:00,G마켓,온라인쇼핑,51500,0,00101707
u_001,card_03,카카오뱅크 체크카드,체크,2025-12-26 16:15:00,배달의민족,배달음식,17900,0,00101631
u_001,card_02,삼성 taptap O,신용,2025-12-26 20:47:00,티머니 대중교통,대중교통,1400,0,00101486
u_001,card_01,신한카드 Deep Dream,신용,2025-12-27 09:26:00,투썸플레이스 선릉점,카페/커피,2100,0,00101341
u_001,card_01,신한카드 Deep Dream,신용,2025-12-27 13:45:00,메가커피 역삼점,카페/커피,4800,0,00101397
u_001,card_01,신한카드 Deep Dream,신용,2025-12-27 15:52:00,예스24,문화/여가,36900,0,00101728
u_001,card_01,신한카드 Deep Dream,신용,2025-12-27 19:55:00,이마트24 선릉점,편의점,8000,0,00101419
u_001,card_03,카카오뱅크 체크카드,체크,2025-12-28 12:57:00,명동교자,외식,15200,0,00101654
u_001,card_02,삼성 taptap O,신용,2025-12-29 11:54:00,명동교자,외식,44600,0,00101660
u_001,card_01,신한카드 Deep Dream,신용,2025-12-29 17:59:00,GS25 테헤란로점,편의점,2100,0,00101422
u_001,card_01,신한카드 Deep Dream,신용,2025-12-30 12:53:00,교촌치킨,외식,14000,0,00101671
u_001,card_01,신한카드 Deep Dream,신용,2025-12-30 14:49:00,티머니 대중교통,대중교통,1300,0,00101489
u_001,card_01,신한카드 Deep Dream,신용,2025-12-30 17:32:00,티머니 대중교통,대중교통,1500,0,00101476
u_001,card_03,카카오뱅크 체크카드,체크,2025-12-30 19:52:00,티머니 대중교통,대중교통,1600,0,00101537
u_001,card_01,신한카드 Deep Dream,신용,2025-12-30 22:55:00,티머니 대중교통,대중교통,1400,0,00101501
u_001,card_02,삼성 taptap O,신용,2025-12-31 12:21:00,티머니 대중교통,대중교통,1500,0,00101562
u_001,card_03,카카오뱅크 체크카드,체크,2025-12-31 22:07:00,티머니 대중교통,대중교통,1300,0,00101577
u_001,card_02,삼성 taptap O,신용,2025-12-31 23:14:00,스시로,외식,35600,0,00101635
u_001,card_03,카카오뱅크 체크카드,체크,2026-01-01 10:47:00,스타벅스 강남점,카페/커피,4800,0,00101805
u_001,card_01,신한카드 Deep Dream,신용,2026-01-01 14:09:00,배달의민족,배달음식,20000,0,00102046
u_001,card_03,카카오뱅크 체크카드,체크,2026-01-02 14:01:00,GS칼텍스 셀프주유소,주유,51000,0,00102142
u_001,card_01,신한카드 Deep Dream,신용,2026-01-02 14:43:00,올리브영 강남점,뷰티/드럭,22600,0,00102134
u_001,card_02,삼성 taptap O,신용,2026-01-02 18:32:00,티머니 대중교통,대중교통,1300,0,00102002
u_001,card_03,카카오뱅크 체크카드,체크,2026-01-02 19:27:00,티머니 대중교통,대중교통,1500,0,00101935
u_001,card_03,카카오뱅크 체크카드,체크,2026-01-02 21:06:00,컴포즈커피 논현점,카페/커피,4900,0,00101773
u_001,card_01,신한카드 Deep Dream,신용,2026-01-03 16:08:00,티머니 대중교통,대중교통,1600,0,00101940
u_001,card_01,신한카드 Deep Dream,신용,2026-01-03 17:19:00,배달의민족,배달음식,26200,0,00102020
u_001,card_02,삼성 taptap O,신용,2026-01-03 20:03:00,쿠팡이츠,배달음식,22200,0,00102014
u_001,card_03,카카오뱅크 체크카드,체크,2026-01-03 22:08:00,티머니 대중교통,대중교통,1500,0,00101989
u_001,card_02,삼성 taptap O,신용,2026-01-04 23:27:00,티머니 대중교통,대중교통,1300,0,00101926
u_001,card_01,신한카드 Deep Dream,신용,2026-01-04 23:28:00,티머니 대중교통,대중교통,1600,0,00101876
u_001,card_03,카카오뱅크 체크카드,체크,2026-01-05 09:06:00,티머니 대중교통,대중교통,1500,0,00101964
u_001,card_01,신한카드 Deep Dream,신용,2026-01-05 09:28:00,롯데마트 서울역점,대형마트,130200,0,00102107
u_001,card_01,신한카드 Deep Dream,신용,2026-01-05 17:27:00,스시로,외식,50800,0,00102095
u_001,card_01,신한카드 Deep Dream,신용,2026-01-05 18:35:00,넷플릭스,구독/OTT,13500,0,00101738
u_001,card_02,삼성 taptap O,신용,2026-01-06 19:46:00,쿠팡이츠,배달음식,28300,0,00102024
u_001,card_02,삼성 taptap O,신용,2026-01-06 21:46:00,배달의민족,배달음식,24200,0,00102025
u_001,card_03,카카오뱅크 체크카드,체크,2026-01-06 22:04:00,명동교자,외식,23600,0,00102057
u_001,card_02,삼성 taptap O,신용,2026-01-07 16:45:00,이마트24 선릉점,편의점,7800,0,00101856
u_001,card_03,카카오뱅크 체크카드,체크,2026-01-07 17:27:00,티머니 대중교통,대중교통,1600,0,00101880
u_001,card_02,삼성 taptap O,신용,2026-01-07 19:15:00,명동교자,외식,28100,0,00102064
u_001,card_01,신한카드 Deep Dream,신용,2026-01-07 20:33:00,GS25 테헤란로점,편의점,9000,0,00101819
u_001,card_01,신한카드 Deep Dream,신용,2026-01-07 20:51:00,메가박스 코엑스,문화/여가,41100,0,00102138
u_001,card_03,카카오뱅크 체크카드,체크,2026-01-08 08:41:00,메가커피 역삼점,카페/커피,4900,0,00101779
u_001,card_01,신한카드 Deep Dream,신용,2026-01-08 17:46:00,티머니 대중교통,대중교통,1400,0,00101971
u_001,card_01,신한카드 Deep Dream,신용,2026-01-08 18:52:00,티머니 대중교통,대중교통,1500,0,00101941
u_001,card_01,신한카드 Deep Dream,신용,2026-01-08 19:07:00,다이소 역삼점,뷰티/드럭,14200,0,00102128
u_001,card_02,삼성 taptap O,신용,2026-01-08 19:37:00,투썸플레이스 선릉점,카페/커피,5700,0,00101791
u_001,card_03,카카오뱅크 체크카드,체크,2026-01-08 21:25:00,홈플러스 영등포점,대형마트,66200,0,00102101
u_001,card_03,카카오뱅크 체크카드,체크,2026-01-09 10:09:00,티머니 대중교통,대중교통,1600,0,00101895
u_001,card_01,신한카드 Deep Dream,신용,2026-01-09 16:57:00,명동교자,외식,14100,0,00102053
u_001,card_03,카카오뱅크 체크카드,체크,2026-01-09 17:23:00,GS25 테헤란로점,편의점,2500,0,00101813
u_001,card_03,카카오뱅크 체크카드,체크,2026-01-09 17:44:00,컴포즈커피 논현점,카페/커피,3800,0,00101785
u_001,card_01,신한카드 Deep Dream,신용,2026-01-09 18:52:00,쿠팡,온라인쇼핑,24700,0,00102117
u_001,card_01,신한카드 Deep Dream,신용,2026-01-09 19:26:00,티머니 대중교통,대중교통,1500,0,00101889
u_001,card_03,카카오뱅크 체크카드,체크,2026-01-09 21:33:00,한촌설렁탕,외식,15100,0,00102084
u_001,card_01,신한카드 Deep Dream,신용,2026-01-09 21:51:00,티머니 대중교통,대중교통,1300,0,00102006
u_001,card_01,신한카드 Deep Dream,신용,2026-01-10 13:49:00,세븐일레븐 역삼점,편의점,2000,0,00101862
u_001,card_03,카카오뱅크 체크카드,체크,2026-01-10 18:19:00,티머니 대중교통,대중교통,1600,0,00101973
u_001,card_02,삼성 taptap O,신용,2026-01-10 22:29:00,유튜브 프리미엄,구독/OTT,14900,0,00101744
u_001,card_02,삼성 taptap O,신용,2026-01-11 13:06:00,메가커피 역삼점,카페/커피,5700,0,00101802
u_001,card_02,삼성 taptap O,신용,2026-01-11 17:17:00,티머니 대중교통,대중교통,1400,0,00101901
u_001,card_03,카카오뱅크 체크카드,체크,2026-01-11 17:22:00,이마트24 선릉점,편의점,11300,0,00101822
u_001,card_03,카카오뱅크 체크카드,체크,2026-01-11 20:05:00,티머니 대중교통,대중교통,1500,0,00101912
u_001,card_03,카카오뱅크 체크카드,체크,2026-01-12 09:51:00,티머니 대중교통,대중교통,1300,0,00101878
u_001,card_02,삼성 taptap O,신용,2026-01-12 14:08:00,CU 강남역점,편의점,12900,0,00101834
u_001,card_03,카카오뱅크 체크카드,체크,2026-01-12 19:46:00,스시로,외식,47800,0,00102069
u_001,card_02,삼성 taptap O,신용,2026-01-13 17:58:00,CU 강남역점,편의점,8400,0,00101840
u_001,card_03,카카오뱅크 체크카드,체크,2026-01-13 20:26:00,컴포즈커피 논현점,카페/커피,6400,0,00101766
u_001,card_03,카카오뱅크 체크카드,체크,2026-01-13 21:29:00,티머니 대중교통,대중교통,1500,0,00101906
u_001,card_03,카카오뱅크 체크카드,체크,2026-01-14 11:19:00,11번가,온라인쇼핑,24800,0,00102111
u_001,card_01,신한카드 Deep Dream,신용,2026-01-14 17:39:00,티머니 대중교통,대중교통,1500,0,00102004
u_001,card_01,신한카드 Deep Dream,신용,2026-01-14 19:49:00,티머니 대중교통,대중교통,1400,0,00101902
u_001,card_01,신한카드 Deep Dream,신용,2026-01-15 08:48:00,CU 강남역점,편의점,9500,0,00101858
u_001,card_01,신한카드 Deep Dream,신용,2026-01-15 11:51:00,쿠팡 와우멤버십,구독/커머스,7890,0,00101747
u_001,card_03,카카오뱅크 체크카드,체크,2026-01-15 19:25:00,티머니 대중교통,대중교통,1600,0,00101914
u_001,card_03,카카오뱅크 체크카드,체크,2026-01-15 22:31:00,GS25 테헤란로점,편의점,11600,0,00101849
u_001,card_01,신한카드 Deep Dream,신용,2026-01-17 08:09:00,스시로,외식,24600,0,00102080
u_001,card_03,카카오뱅크 체크카드,체크,2026-01-17 13:03:00,티머니 대중교통,대중교통,1600,0,00101980
u_001,card_03,카카오뱅크 체크카드,체크,2026-01-17 16:18:00,투썸플레이스 선릉점,카페/커피,3200,0,00101795
u_001,card_01,신한카드 Deep Dream,신용,2026-01-17 17:29:00,컴포즈커피 논현점,카페/커피,3400,0,00101807
u_001,card_03,카카오뱅크 체크카드,체크,2026-01-18 15:13:00,티머니 대중교통,대중교통,1600,0,00101873
u_001,card_03,카카오뱅크 체크카드,체크,2026-01-18 16:21:00,티머니 대중교통,대중교통,1500,0,00101923
u_001,card_01,신한카드 Deep Dream,신용,2026-01-18 18:18:00,티머니 대중교통,대중교통,1400,0,00101888
u_001,card_03,카카오뱅크 체크카드,체크,2026-01-18 19:41:00,티머니 대중교통,대중교통,1400,0,00102012
u_001,card_02,삼성 taptap O,신용,2026-01-18 20:04:00,스포티파이,구독/음악,11990,0,00101754
u_001,card_03,카카오뱅크 체크카드,체크,2026-01-18 21:21:00,빕스 강남점,외식,31700,0,00102072
u_001,card_01,신한카드 Deep Dream,신용,2026-01-19 12:07:00,CU 강남역점,편의점,2900,0,00101829
u_001,card_03,카카오뱅크 체크카드,체크,2026-01-19 12:34:00,GS25 테헤란로점,편의점,9600,0,00101869
u_001,card_02,삼성 taptap O,신용,2026-01-19 19:40:00,티머니 대중교통,대중교통,1300,0,00101962
u_001,card_03,카카오뱅크 체크카드,체크,2026-01-20 20:36:00,티머니 대중교통,대중교통,1300,0,00101883
u_001,card_03,카카오뱅크 체크카드,체크,2026-01-21 15:00:00,투썸플레이스 선릉점,카페/커피,5300,0,00101780
u_001,card_01,신한카드 Deep Dream,신용,2026-01-21 18:41:00,티머니 대중교통,대중교통,1400,0,00101929
u_001,card_02,삼성 taptap O,신용,2026-01-22 07:54:00,배달의민족,배달음식,15800,0,00102044
u_001,card_03,카카오뱅크 체크카드,체크,2026-01-22 12:42:00,메가커피 역삼점,카페/커피,6100,0,00101756
u_001,card_01,신한카드 Deep Dream,신용,2026-01-23 08:19:00,11번가,온라인쇼핑,41500,0,00102121
u_001,card_03,카카오뱅크 체크카드,체크,2026-01-23 09:06:00,스시로,외식,33400,0,00102089
u_001,card_01,신한카드 Deep Dream,신용,2026-01-23 16:03:00,배달의민족,배달음식,30900,0,00102032
u_001,card_01,신한카드 Deep Dream,신용,2026-01-23 20:09:00,쿠팡,온라인쇼핑,88100,0,00102118
u_001,card_01,신한카드 Deep Dream,신용,2026-01-23 22:17:00,티머니 대중교통,대중교통,1300,0,00101927
u_001,card_01,신한카드 Deep Dream,신용,2026-01-23 23:30:00,이디야커피 삼성점,카페/커피,5500,0,00101761
u_001,card_01,신한카드 Deep Dream,신용,2026-01-24 08:45:00,투썸플레이스 선릉점,카페/커피,5700,0,00101803
u_001,card_03,카카오뱅크 체크카드,체크,2026-01-24 14:45:00,이디야커피 삼성점,카페/커피,3600,0,00101810
u_001,card_01,신한카드 Deep Dream,신용,2026-01-24 18:44:00,배달의민족,배달음식,33600,0,00102021
u_001,card_01,신한카드 Deep Dream,신용,2026-01-25 11:34:00,SK텔레콤,통신비,55000,0,00101737
u_001,card_03,카카오뱅크 체크카드,체크,2026-01-25 12:04:00,쿠팡이츠,배달음식,13000,0,00102028
u_001,card_02,삼성 taptap O,신용,2026-01-25 15:50:00,티머니 대중교통,대중교통,1300,0,00101966
u_001,card_03,카카오뱅크 체크카드,체크,2026-01-25 18:04:00,티머니 대중교통,대중교통,1600,0,00101956
u_001,card_03,카카오뱅크 체크카드,체크,2026-01-25 19:06:00,스시로,외식,52100,0,00102074
u_001,card_01,신한카드 Deep Dream,신용,2026-01-25 19:29:00,티머니 대중교통,대중교통,1300,0,00101924
u_001,card_01,신한카드 Deep Dream,신용,2026-01-25 22:01:00,백종원의 새마을식당,외식,61200,0,00102071
u_001,card_01,신한카드 Deep Dream,신용,2026-01-26 18:25:00,메가커피 역삼점,카페/커피,5300,0,00101808
u_001,card_01,신한카드 Deep Dream,신용,2026-01-26 21:08:00,티머니 대중교통,대중교통,1300,0,00101951
u_001,card_01,신한카드 Deep Dream,신용,2026-01-27 12:04:00,홈플러스 영등포점,대형마트,124400,0,00102103
u_001,card_03,카카오뱅크 체크카드,체크,2026-01-27 20:35:00,쿠팡,온라인쇼핑,31800,0,00102127
u_001,card_02,삼성 taptap O,신용,2026-01-28 12:05:00,티머니 대중교통,대중교통,1500,0,00101947
u_001,card_01,신한카드 Deep Dream,신용,2026-01-28 12:06:00,배달의민족,배달음식,30600,0,00102037
u_001,card_01,신한카드 Deep Dream,신용,2026-01-28 17:00:00,교촌치킨,외식,27500,0,00102060
u_001,card_03,카카오뱅크 체크카드,체크,2026-01-28 18:19:00,CU 강남역점,편의점,9000,0,00101827
u_001,card_02,삼성 taptap O,신용,2026-01-28 18:48:00,티머니 대중교통,대중교통,1500,0,00101993
u_001,card_02,삼성 taptap O,신용,2026-01-29 12:40:00,티머니 대중교통,대중교통,1400,0,00101985
u_001,card_02,삼성 taptap O,신용,2026-01-30 10:20:00,CU 강남역점,편의점,4300,0,00101847
u_001,card_01,신한카드 Deep Dream,신용,2026-01-30 12:58:00,쿠팡이츠,배달음식,13200,0,00102052
u_001,card_03,카카오뱅크 체크카드,체크,2026-01-30 19:22:00,스타벅스 강남점,카페/커피,2700,0,00101798
u_001,card_01,신한카드 Deep Dream,신용,2026-01-31 08:16:00,티머니 대중교통,대중교통,1600,0,00101995
u_001,card_02,삼성 taptap O,신용,2026-01-31 12:52:00,올리브영 강남점,뷰티/드럭,50200,0,00102135
u_001,card_02,삼성 taptap O,신용,2026-01-31 13:18:00,티머니 대중교통,대중교통,1500,0,00101917
u_001,card_02,삼성 taptap O,신용,2026-02-01 15:55:00,티머니 대중교통,대중교통,1400,0,00102416
u_001,card_03,카카오뱅크 체크카드,체크,2026-02-01 17:00:00,티머니 대중교통,대중교통,1500,0,00102439
u_001,card_01,신한카드 Deep Dream,신용,2026-02-01 19:36:00,홈플러스 영등포점,대형마트,87300,0,00102531
u_001,card_01,신한카드 Deep Dream,신용,2026-02-02 19:11:00,티머니 대중교통,대중교통,1500,0,00102322
u_001,card_02,삼성 taptap O,신용,2026-02-02 21:45:00,티머니 대중교통,대중교통,1400,0,00102406
u_001,card_02,삼성 taptap O,신용,2026-02-03 11:40:00,홈플러스 영등포점,대형마트,91900,0,00102524
u_001,card_01,신한카드 Deep Dream,신용,2026-02-03 11:56:00,이디야커피 삼성점,카페/커피,4300,0,00102167
u_001,card_03,카카오뱅크 체크카드,체크,2026-02-03 15:33:00,다이소 역삼점,뷰티/드럭,11000,0,00102546
u_001,card_03,카카오뱅크 체크카드,체크,2026-02-03 19:03:00,세븐일레븐 역삼점,편의점,7200,0,00102269
u_001,card_02,삼성 taptap O,신용,2026-02-03 20:24:00,이마트 성수점,대형마트,89900,0,00102513
u_001,card_03,카카오뱅크 체크카드,체크,2026-02-04 14:42:00,세븐일레븐 역삼점,편의점,10100,0,00102226
u_001,card_02,삼성 taptap O,신용,2026-02-04 19:35:00,백종원의 새마을식당,외식,39900,0,00102492
u_001,card_01,신한카드 Deep Dream,신용,2026-02-04 19:49:00,티머니 대중교통,대중교통,1400,0,00102387
u_001,card_01,신한카드 Deep Dream,신용,2026-02-05 12:56:00,넷플릭스,구독/OTT,13500,0,00102147
u_001,card_02,삼성 taptap O,신용,2026-02-06 12:14:00,교촌치킨,외식,53500,0,00102498
u_001,card_01,신한카드 Deep Dream,신용,2026-02-07 09:43:00,티머니 대중교통,대중교통,1300,0,00102326
u_001,card_03,카카오뱅크 체크카드,체크,2026-02-07 12:58:00,티머니 대중교통,대중교통,1600,0,00102332
u_001,card_03,카카오뱅크 체크카드,체크,2026-02-07 21:54:00,세븐일레븐 역삼점,편의점,3600,0,00102215
u_001,card_01,신한카드 Deep Dream,신용,2026-02-08 07:32:00,메가박스 코엑스,문화/여가,26700,0,00102556
u_001,card_03,카카오뱅크 체크카드,체크,2026-02-08 10:47:00,GS25 테헤란로점,편의점,12000,0,00102252
u_001,card_01,신한카드 Deep Dream,신용,2026-02-08 14:37:00,11번가,온라인쇼핑,54100,0,00102541
u_001,card_01,신한카드 Deep Dream,신용,2026-02-08 18:06:00,티머니 대중교통,대중교통,1400,0,00102309
u_001,card_03,카카오뱅크 체크카드,체크,2026-02-08 21:01:00,티머니 대중교통,대중교통,1300,0,00102374
u_001,card_01,신한카드 Deep Dream,신용,2026-02-08 21:05:00,세븐일레븐 역삼점,편의점,7200,0,00102259
u_001,card_03,카카오뱅크 체크카드,체크,2026-02-09 07:44:00,티머니 대중교통,대중교통,1500,0,00102344
u_001,card_03,카카오뱅크 체크카드,체크,2026-02-09 12:45:00,쿠팡이츠,배달음식,33000,0,00102463
u_001,card_01,신한카드 Deep Dream,신용,2026-02-09 16:39:00,쿠팡이츠,배달음식,19200,0,00102447
u_001,card_02,삼성 taptap O,신용,2026-02-09 18:07:00,티머니 대중교통,대중교통,1400,0,00102412
u_001,card_02,삼성 taptap O,신용,2026-02-09 20:49:00,티머니 대중교통,대중교통,1600,0,00102437
u_001,card_01,신한카드 Deep Dream,신용,2026-02-10 07:10:00,티머니 대중교통,대중교통,1600,0,00102298
u_001,card_02,삼성 taptap O,신용,2026-02-10 08:39:00,유튜브 프리미엄,구독/OTT,14900,0,00102152
u_001,card_01,신한카드 Deep Dream,신용,2026-02-10 09:21:00,티머니 대중교통,대중교통,1300,0,00102281
u_001,card_03,카카오뱅크 체크카드,체크,2026-02-10 10:12:00,이마트 성수점,대형마트,82100,0,00102516
u_001,card_02,삼성 taptap O,신용,2026-02-10 12:03:00,배달의민족,배달음식,18200,0,00102470
u_001,card_03,카카오뱅크 체크카드,체크,2026-02-10 12:41:00,티머니 대중교통,대중교통,1500,0,00102360
u_001,card_03,카카오뱅크 체크카드,체크,2026-02-10 13:25:00,티머니 대중교통,대중교통,1300,0,00102302
u_001,card_01,신한카드 Deep Dream,신용,2026-02-10 20:37:00,한촌설렁탕,외식,39400,0,00102508
u_001,card_01,신한카드 Deep Dream,신용,2026-02-11 07:46:00,네이버쇼핑,온라인쇼핑,78600,0,00102538
u_001,card_03,카카오뱅크 체크카드,체크,2026-02-11 09:28:00,티머니 대중교통,대중교통,1400,0,00102389
u_001,card_01,신한카드 Deep Dream,신용,2026-02-11 13:14:00,투썸플레이스 선릉점,카페/커피,5200,0,00102179
u_001,card_03,카카오뱅크 체크카드,체크,2026-02-11 13:57:00,자라 코엑스점,의류/패션,85800,0,00102550
u_001,card_01,신한카드 Deep Dream,신용,2026-02-11 18:09:00,GS25 테헤란로점,편의점,2500,0,00102222
u_001,card_01,신한카드 Deep Dream,신용,2026-02-12 09:04:00,쿠팡이츠,배달음식,30400,0,00102457
u_001,card_03,카카오뱅크 체크카드,체크,2026-02-12 13:36:00,컴포즈커피 논현점,카페/커피,5900,0,00102178
u_001,card_03,카카오뱅크 체크카드,체크,2026-02-12 17:36:00,투썸플레이스 선릉점,카페/커피,2200,0,00102202
u_001,card_01,신한카드 Deep Dream,신용,2026-02-12 21:51:00,무신사,의류/패션,127300,0,00102554
u_001,card_02,삼성 taptap O,신용,2026-02-13 12:29:00,티머니 대중교통,대중교통,1400,0,00102308
u_001,card_01,신한카드 Deep Dream,신용,2026-02-13 13:27:00,티머니 대중교통,대중교통,1500,0,00102292
u_001,card_01,신한카드 Deep Dream,신용,2026-02-13 13:51:00,GS25 테헤란로점,편의점,10800,0,00102251
u_001,card_02,삼성 taptap O,신용,2026-02-13 21:05:00,티머니 대중교통,대중교통,1300,0,00102284
u_001,card_03,카카오뱅크 체크카드,체크,2026-02-14 11:35:00,이마트24 선릉점,편의점,12000,0,00102238
u_001,card_01,신한카드 Deep Dream,신용,2026-02-14 20:11:00,홈플러스 영등포점,대형마트,102600,0,00102523
u_001,card_01,신한카드 Deep Dream,신용,2026-02-15 12:18:00,쿠팡 와우멤버십,구독/커머스,7890,0,00102156
u_001,card_01,신한카드 Deep Dream,신용,2026-02-16 11:23:00,쿠팡,온라인쇼핑,59200,0,00102536
u_001,card_01,신한카드 Deep Dream,신용,2026-02-16 17:11:00,티머니 대중교통,대중교통,1600,0,00102305
u_001,card_02,삼성 taptap O,신용,2026-02-16 18:25:00,네이버쇼핑,온라인쇼핑,20500,0,00102535
u_001,card_01,신한카드 Deep Dream,신용,2026-02-17 16:08:00,티머니 대중교통,대중교통,1300,0,00102397
u_001,card_03,카카오뱅크 체크카드,체크,2026-02-17 21:11:00,백종원의 새마을식당,외식,28700,0,00102485
u_001,card_03,카카오뱅크 체크카드,체크,2026-02-17 23:50:00,컴포즈커피 논현점,카페/커피,4000,0,00102173
u_001,card_02,삼성 taptap O,신용,2026-02-18 14:35:00,스포티파이,구독/음악,11990,0,00102160
u_001,card_03,카카오뱅크 체크카드,체크,2026-02-18 19:36:00,티머니 대중교통,대중교통,1400,0,00102278
u_001,card_01,신한카드 Deep Dream,신용,2026-02-19 10:10:00,세븐일레븐 역삼점,편의점,3200,0,00102232
u_001,card_01,신한카드 Deep Dream,신용,2026-02-19 10:36:00,티머니 대중교통,대중교통,1500,0,00102349
u_001,card_01,신한카드 Deep Dream,신용,2026-02-19 12:09:00,티머니 대중교통,대중교통,1600,0,00102365
u_001,card_03,카카오뱅크 체크카드,체크,2026-02-19 13:45:00,명동교자,외식,55400,0,00102479
u_001,card_01,신한카드 Deep Dream,신용,2026-02-19 14:54:00,티머니 대중교통,대중교통,1400,0,00102320
u_001,card_03,카카오뱅크 체크카드,체크,2026-02-19 17:06:00,티머니 대중교통,대중교통,1600,0,00102356
u_001,card_01,신한카드 Deep Dream,신용,2026-02-19 18:17:00,메가커피 역삼점,카페/커피,3900,0,00102191
u_001,card_03,카카오뱅크 체크카드,체크,2026-02-19 18:43:00,티머니 대중교통,대중교통,1600,0,00102431
u_001,card_02,삼성 taptap O,신용,2026-02-19 18:53:00,배달의민족,배달음식,15400,0,00102454
u_001,card_01,신한카드 Deep Dream,신용,2026-02-19 20:16:00,티머니 대중교통,대중교통,1500,0,00102422
u_001,card_02,삼성 taptap O,신용,2026-02-20 07:58:00,GS25 테헤란로점,편의점,5100,0,00102208
u_001,card_01,신한카드 Deep Dream,신용,2026-02-20 13:12:00,티머니 대중교통,대중교통,1500,0,00102290
u_001,card_01,신한카드 Deep Dream,신용,2026-02-20 14:22:00,쿠팡이츠,배달음식,22000,0,00102443
u_001,card_03,카카오뱅크 체크카드,체크,2026-02-20 15:41:00,티머니 대중교통,대중교통,1600,0,00102286
u_001,card_03,카카오뱅크 체크카드,체크,2026-02-20 20:24:00,CU 강남역점,편의점,7300,0,00102241
u_001,card_01,신한카드 Deep Dream,신용,2026-02-20 21:21:00,티머니 대중교통,대중교통,1600,0,00102371
u_001,card_01,신한카드 Deep Dream,신용,2026-02-21 14:24:00,쿠팡이츠,배달음식,28300,0,00102477
u_001,card_03,카카오뱅크 체크카드,체크,2026-02-22 17:35:00,티머니 대중교통,대중교통,1400,0,00102310
u_001,card_02,삼성 taptap O,신용,2026-02-22 21:42:00,빕스 강남점,외식,44000,0,00102482
u_001,card_02,삼성 taptap O,신용,2026-02-23 12:15:00,세븐일레븐 역삼점,편의점,12500,0,00102265
u_001,card_03,카카오뱅크 체크카드,체크,2026-02-23 12:34:00,온누리약국,병원/약국,9900,0,00102561
u_001,card_03,카카오뱅크 체크카드,체크,2026-02-23 13:06:00,티머니 대중교통,대중교통,1500,0,00102291
u_001,card_03,카카오뱅크 체크카드,체크,2026-02-24 16:24:00,티머니 대중교통,대중교통,1500,0,00102272
u_001,card_01,신한카드 Deep Dream,신용,2026-02-24 19:44:00,세븐일레븐 역삼점,편의점,12800,0,00102246
u_001,card_01,신한카드 Deep Dream,신용,2026-02-25 09:54:00,티머니 대중교통,대중교통,1600,0,00102279
u_001,card_01,신한카드 Deep Dream,신용,2026-02-25 12:11:00,SK텔레콤,통신비,55000,0,00102145
u_001,card_02,삼성 taptap O,신용,2026-02-26 14:20:00,티머니 대중교통,대중교통,1300,0,00102339
u_001,card_03,카카오뱅크 체크카드,체크,2026-02-26 16:22:00,스타벅스 강남점,카페/커피,4300,0,00102186
u_001,card_02,삼성 taptap O,신용,2026-02-27 08:07:00,애플 가로수길,가전/전자,317000,12,00102565
u_001,card_01,신한카드 Deep Dream,신용,2026-02-27 13:47:00,메가커피 역삼점,카페/커피,3400,0,00102200
u_001,card_01,신한카드 Deep Dream,신용,2026-02-27 14:10:00,티머니 대중교통,대중교통,1600,0,00102429
u_001,card_01,신한카드 Deep Dream,신용,2026-02-27 16:05:00,컴포즈커피 논현점,카페/커피,6000,0,00102203
u_001,card_01,신한카드 Deep Dream,신용,2026-02-27 16:44:00,티머니 대중교통,대중교통,1400,0,00102380
u_001,card_03,카카오뱅크 체크카드,체크,2026-02-27 18:59:00,티머니 대중교통,대중교통,1400,0,00102314
u_001,card_03,카카오뱅크 체크카드,체크,2026-02-27 20:52:00,티머니 대중교통,대중교통,1500,0,00102390
u_001,card_03,카카오뱅크 체크카드,체크,2026-02-27 23:24:00,메가커피 역삼점,카페/커피,2500,0,00102194
u_001,card_02,삼성 taptap O,신용,2026-02-28 13:16:00,스시로,외식,29100,0,00102503
u_001,card_02,삼성 taptap O,신용,2026-02-28 18:46:00,쿠팡이츠,배달음식,31700,0,00102471
u_001,card_01,신한카드 Deep Dream,신용,2026-02-28 21:12:00,티머니 대중교통,대중교통,1500,0,00102404
u_001,card_03,카카오뱅크 체크카드,체크,2026-03-01 17:41:00,세븐일레븐 역삼점,편의점,3000,0,00102692
u_001,card_01,신한카드 Deep Dream,신용,2026-03-01 21:39:00,메가커피 역삼점,카페/커피,3100,0,00102624
u_001,card_03,카카오뱅크 체크카드,체크,2026-03-02 07:55:00,투썸플레이스 선릉점,카페/커피,2500,0,00102656
u_001,card_02,삼성 taptap O,신용,2026-03-02 15:31:00,CU 강남역점,편의점,1700,0,00102675
u_001,card_01,신한카드 Deep Dream,신용,2026-03-02 17:18:00,롯데마트 서울역점,대형마트,126400,0,00102930
u_001,card_01,신한카드 Deep Dream,신용,2026-03-02 19:35:00,한촌설렁탕,외식,14700,0,00102868
u_001,card_01,신한카드 Deep Dream,신용,2026-03-02 20:47:00,티머니 대중교통,대중교통,1400,0,00102774
u_001,card_01,신한카드 Deep Dream,신용,2026-03-03 17:21:00,이마트 성수점,대형마트,60900,0,00102933
u_001,card_01,신한카드 Deep Dream,신용,2026-03-04 13:40:00,CU 강남역점,편의점,12300,0,00102704
u_001,card_02,삼성 taptap O,신용,2026-03-04 14:38:00,티머니 대중교통,대중교통,1400,0,00102733
u_001,card_03,카카오뱅크 체크카드,체크,2026-03-04 16:38:00,스타벅스 강남점,카페/커피,4300,0,00102594
u_001,card_02,삼성 taptap O,신용,2026-03-04 17:28:00,컴포즈커피 논현점,카페/커피,5400,0,00102639
u_001,card_01,신한카드 Deep Dream,신용,2026-03-05 11:07:00,GS25 테헤란로점,편의점,8200,0,00102715
u_001,card_01,신한카드 Deep Dream,신용,2026-03-05 12:04:00,롯데마트 서울역점,대형마트,116000,0,00102935
u_001,card_01,신한카드 Deep Dream,신용,2026-03-05 12:44:00,넷플릭스,구독/OTT,13500,0,00102572
u_001,card_03,카카오뱅크 체크카드,체크,2026-03-05 18:53:00,티머니 대중교통,대중교통,1400,0,00102813
u_001,card_01,신한카드 Deep Dream,신용,2026-03-06 11:32:00,티머니 대중교통,대중교통,1600,0,00102801
u_001,card_02,삼성 taptap O,신용,2026-03-06 11:59:00,컴포즈커피 논현점,카페/커피,2300,0,00102601
u_001,card_01,신한카드 Deep Dream,신용,2026-03-06 13:17:00,이마트24 선릉점,편의점,2700,0,00102676
u_001,card_01,신한카드 Deep Dream,신용,2026-03-06 14:51:00,백종원의 새마을식당,외식,44000,0,00102893
u_001,card_03,카카오뱅크 체크카드,체크,2026-03-07 10:11:00,빕스 강남점,외식,36000,0,00102917
u_001,card_03,카카오뱅크 체크카드,체크,2026-03-07 21:08:00,티머니 대중교통,대중교통,1400,0,00102750
u_001,card_03,카카오뱅크 체크카드,체크,2026-03-09 13:48:00,티머니 대중교통,대중교통,1300,0,00102769
u_001,card_03,카카오뱅크 체크카드,체크,2026-03-10 08:10:00,세븐일레븐 역삼점,편의점,10500,0,00102708
u_001,card_02,삼성 taptap O,신용,2026-03-10 11:43:00,유튜브 프리미엄,구독/OTT,14900,0,00102578
u_001,card_03,카카오뱅크 체크카드,체크,2026-03-10 14:50:00,티머니 대중교통,대중교통,1600,0,00102786
u_001,card_01,신한카드 Deep Dream,신용,2026-03-10 17:53:00,쿠팡,온라인쇼핑,72800,0,00102958
u_001,card_01,신한카드 Deep Dream,신용,2026-03-10 18:33:00,티머니 대중교통,대중교통,1500,0,00102815
u_001,card_01,신한카드 Deep Dream,신용,2026-03-10 20:01:00,스시로,외식,59200,0,00102886
u_001,card_03,카카오뱅크 체크카드,체크,2026-03-10 22:40:00,티머니 대중교통,대중교통,1600,0,00102744
u_001,card_01,신한카드 Deep Dream,신용,2026-03-11 09:07:00,스타벅스 강남점,카페/커피,3900,0,00102608
u_001,card_03,카카오뱅크 체크카드,체크,2026-03-11 10:49:00,배달의민족,배달음식,28800,0,00102848
u_001,card_01,신한카드 Deep Dream,신용,2026-03-11 12:39:00,티머니 대중교통,대중교통,1500,0,00102793
u_001,card_03,카카오뱅크 체크카드,체크,2026-03-11 13:28:00,이마트24 선릉점,편의점,10700,0,00102697
u_001,card_02,삼성 taptap O,신용,2026-03-11 17:41:00,스시로,외식,10100,0,00102878
u_001,card_02,삼성 taptap O,신용,2026-03-11 18:17:00,네이버쇼핑,온라인쇼핑,41300,0,00102948
u_001,card_01,신한카드 Deep Dream,신용,2026-03-11 18:44:00,홈플러스 영등포점,대형마트,91700,0,00102940
u_001,card_03,카카오뱅크 체크카드,체크,2026-03-12 09:48:00,이디야커피 삼성점,카페/커피,4600,0,00102621
u_001,card_03,카카오뱅크 체크카드,체크,2026-03-12 15:22:00,11번가,온라인쇼핑,26600,0,00102955
u_001,card_03,카카오뱅크 체크카드,체크,2026-03-12 18:30:00,티머니 대중교통,대중교통,1400,0,00102828
u_001,card_01,신한카드 Deep Dream,신용,2026-03-13 11:21:00,티머니 대중교통,대중교통,1300,0,00102823
u_001,card_03,카카오뱅크 체크카드,체크,2026-03-13 11:21:00,이마트24 선릉점,편의점,5000,0,00102716
u_001,card_01,신한카드 Deep Dream,신용,2026-03-13 12:10:00,티머니 대중교통,대중교통,1300,0,00102806
u_001,card_01,신한카드 Deep Dream,신용,2026-03-13 16:49:00,쿠팡이츠,배달음식,20400,0,00102841
u_001,card_01,신한카드 Deep Dream,신용,2026-03-14 19:54:00,스타벅스 강남점,카페/커피,3400,0,00102637
u_001,card_01,신한카드 Deep Dream,신용,2026-03-15 07:26:00,쿠팡 와우멤버십,구독/커머스,7890,0,00102584
u_001,card_03,카카오뱅크 체크카드,체크,2026-03-15 20:54:00,세븐일레븐 역삼점,편의점,7100,0,00102696
u_001,card_03,카카오뱅크 체크카드,체크,2026-03-15 21:54:00,스타벅스 강남점,카페/커피,2400,0,00102620
u_001,card_01,신한카드 Deep Dream,신용,2026-03-16 14:35:00,GS25 테헤란로점,편의점,12200,0,00102686
u_001,card_02,삼성 taptap O,신용,2026-03-17 12:29:00,이마트24 선릉점,편의점,5100,0,00102680
u_001,card_01,신한카드 Deep Dream,신용,2026-03-17 13:41:00,쿠팡이츠,배달음식,28700,0,00102843
u_001,card_03,카카오뱅크 체크카드,체크,2026-03-17 15:37:00,티머니 대중교통,대중교통,1600,0,00102725
u_001,card_01,신한카드 Deep Dream,신용,2026-03-17 18:15:00,컴포즈커피 논현점,카페/커피,6300,0,00102663
u_001,card_01,신한카드 Deep Dream,신용,2026-03-17 22:39:00,서울대학교치과,병원/약국,6400,0,00102980
u_001,card_01,신한카드 Deep Dream,신용,2026-03-17 22:55:00,컴포즈커피 논현점,카페/커피,6700,0,00102659
u_001,card_02,삼성 taptap O,신용,2026-03-18 09:33:00,스포티파이,구독/음악,11990,0,00102587
u_001,card_02,삼성 taptap O,신용,2026-03-18 10:25:00,박승철헤어스투디오,미용실,80600,0,00102971
u_001,card_01,신한카드 Deep Dream,신용,2026-03-18 17:25:00,한촌설렁탕,외식,18300,0,00102912
u_001,card_01,신한카드 Deep Dream,신용,2026-03-18 18:13:00,배달의민족,배달음식,12200,0,00102855
u_001,card_01,신한카드 Deep Dream,신용,2026-03-18 18:58:00,빕스 강남점,외식,28300,0,00102900
u_001,card_01,신한카드 Deep Dream,신용,2026-03-18 19:46:00,교촌치킨,외식,14600,0,00102915
u_001,card_01,신한카드 Deep Dream,신용,2026-03-19 15:25:00,교촌치킨,외식,23900,0,00102872
u_001,card_03,카카오뱅크 체크카드,체크,2026-03-19 19:04:00,메가커피 역삼점,카페/커피,6000,0,00102614
u_001,card_03,카카오뱅크 체크카드,체크,2026-03-19 21:34:00,티머니 대중교통,대중교통,1500,0,00102757
u_001,card_03,카카오뱅크 체크카드,체크,2026-03-19 22:10:00,11번가,온라인쇼핑,83300,0,00102941
u_001,card_03,카카오뱅크 체크카드,체크,2026-03-20 09:46:00,이디야커피 삼성점,카페/커피,3100,0,00102592
u_001,card_02,삼성 taptap O,신용,2026-03-20 18:04:00,빕스 강남점,외식,13100,0,00102881
u_001,card_03,카카오뱅크 체크카드,체크,2026-03-20 18:20:00,티머니 대중교통,대중교통,1600,0,00102838
u_001,card_03,카카오뱅크 체크카드,체크,2026-03-20 20:56:00,투썸플레이스 선릉점,카페/커피,5100,0,00102646
u_001,card_03,카카오뱅크 체크카드,체크,2026-03-21 19:35:00,티머니 대중교통,대중교통,1300,0,00102754
u_001,card_01,신한카드 Deep Dream,신용,2026-03-22 19:18:00,티머니 대중교통,대중교통,1300,0,00102764
u_001,card_01,신한카드 Deep Dream,신용,2026-03-22 20:56:00,배달의민족,배달음식,25900,0,00102861
u_001,card_01,신한카드 Deep Dream,신용,2026-03-22 20:57:00,이마트24 선릉점,편의점,12600,0,00102668
u_001,card_03,카카오뱅크 체크카드,체크,2026-03-24 09:26:00,이디야커피 삼성점,카페/커피,3100,0,00102650
u_001,card_03,카카오뱅크 체크카드,체크,2026-03-24 15:18:00,투썸플레이스 선릉점,카페/커피,2800,0,00102617
u_001,card_01,신한카드 Deep Dream,신용,2026-03-24 16:25:00,연세이비인후과,병원/약국,43100,0,00102974
u_001,card_02,삼성 taptap O,신용,2026-03-25 10:29:00,배달의민족,배달음식,26300,0,00102867
u_001,card_02,삼성 taptap O,신용,2026-03-25 13:18:00,티머니 대중교통,대중교통,1400,0,00102737
u_001,card_03,카카오뱅크 체크카드,체크,2026-03-25 13:26:00,컴포즈커피 논현점,카페/커피,4200,0,00102597
u_001,card_01,신한카드 Deep Dream,신용,2026-03-25 15:07:00,SK텔레콤,통신비,55000,0,00102570
u_001,card_03,카카오뱅크 체크카드,체크,2026-03-25 18:41:00,티머니 대중교통,대중교통,1500,0,00102796
u_001,card_03,카카오뱅크 체크카드,체크,2026-03-25 20:37:00,GS25 테헤란로점,편의점,8300,0,00102717
u_001,card_03,카카오뱅크 체크카드,체크,2026-03-25 22:08:00,이마트24 선릉점,편의점,8900,0,00102721
u_001,card_03,카카오뱅크 체크카드,체크,2026-03-25 22:18:00,티머니 대중교통,대중교통,1600,0,00102800
u_001,card_01,신한카드 Deep Dream,신용,2026-03-26 16:20:00,이마트24 선릉점,편의점,10900,0,00102681
u_001,card_02,삼성 taptap O,신용,2026-03-26 18:47:00,티머니 대중교통,대중교통,1300,0,00102742
u_001,card_01,신한카드 Deep Dream,신용,2026-03-27 13:15:00,티머니 대중교통,대중교통,1600,0,00102834
u_001,card_01,신한카드 Deep Dream,신용,2026-03-27 18:36:00,이마트 성수점,대형마트,61100,0,00102924
u_001,card_02,삼성 taptap O,신용,2026-03-28 11:02:00,교보문고,문화/여가,14000,0,00102969
u_001,card_01,신한카드 Deep Dream,신용,2026-03-28 18:09:00,티머니 대중교통,대중교통,1400,0,00102807
u_001,card_01,신한카드 Deep Dream,신용,2026-03-28 19:51:00,티머니 대중교통,대중교통,1400,0,00102780
u_001,card_01,신한카드 Deep Dream,신용,2026-03-28 22:35:00,빕스 강남점,외식,56800,0,00102907
u_001,card_02,삼성 taptap O,신용,2026-03-29 07:09:00,티머니 대중교통,대중교통,1500,0,00102758
u_001,card_03,카카오뱅크 체크카드,체크,2026-03-29 11:25:00,투썸플레이스 선릉점,카페/커피,2800,0,00102628
u_001,card_01,신한카드 Deep Dream,신용,2026-03-29 21:04:00,올리브영 강남점,뷰티/드럭,43300,0,00102964
u_001,card_03,카카오뱅크 체크카드,체크,2026-03-30 11:52:00,티머니 대중교통,대중교통,1500,0,00102727
u_001,card_01,신한카드 Deep Dream,신용,2026-03-30 18:38:00,한촌설렁탕,외식,42000,0,00102882
u_001,card_03,카카오뱅크 체크카드,체크,2026-03-31 10:34:00,티머니 대중교통,대중교통,1300,0,00102820
u_001,card_03,카카오뱅크 체크카드,체크,2026-03-31 18:30:00,투썸플레이스 선릉점,카페/커피,5700,0,00102635
u_001,card_02,삼성 taptap O,신용,2026-04-01 14:13:00,GS25 테헤란로점,편의점,1600,0,00103088
u_001,card_01,신한카드 Deep Dream,신용,2026-04-01 17:08:00,스타벅스 강남점,카페/커피,4000,0,00103036
u_001,card_02,삼성 taptap O,신용,2026-04-01 23:06:00,스시로,외식,59500,0,00103311
u_001,card_01,신한카드 Deep Dream,신용,2026-04-02 09:17:00,올리브영 강남점,뷰티/드럭,43100,0,00103368
u_001,card_01,신한카드 Deep Dream,신용,2026-04-02 12:11:00,CU 강남역점,편의점,10900,0,00103041
u_001,card_02,삼성 taptap O,신용,2026-04-02 18:11:00,티머니 대중교통,대중교통,1500,0,00103229
u_001,card_01,신한카드 Deep Dream,신용,2026-04-03 13:18:00,쿠팡이츠,배달음식,17300,0,00103296
u_001,card_03,카카오뱅크 체크카드,체크,2026-04-03 15:04:00,티머니 대중교통,대중교통,1300,0,00103125
u_001,card_03,카카오뱅크 체크카드,체크,2026-04-03 15:30:00,이마트24 선릉점,편의점,5000,0,00103046
u_001,card_03,카카오뱅크 체크카드,체크,2026-04-03 17:00:00,CU 강남역점,편의점,9400,0,00103068
u_001,card_01,신한카드 Deep Dream,신용,2026-04-04 07:43:00,티머니 대중교통,대중교통,1600,0,00103231
u_001,card_02,삼성 taptap O,신용,2026-04-04 13:07:00,티머니 대중교통,대중교통,1500,0,00103176
u_001,card_03,카카오뱅크 체크카드,체크,2026-04-04 19:34:00,티머니 대중교통,대중교통,1300,0,00103212
u_001,card_03,카카오뱅크 체크카드,체크,2026-04-04 20:39:00,티머니 대중교통,대중교통,1400,0,00103115
u_001,card_03,카카오뱅크 체크카드,체크,2026-04-05 13:35:00,티머니 대중교통,대중교통,1600,0,00103260
u_001,card_01,신한카드 Deep Dream,신용,2026-04-05 18:09:00,넷플릭스,구독/OTT,13500,0,00102991
u_001,card_02,삼성 taptap O,신용,2026-04-06 11:42:00,티머니 대중교통,대중교통,1600,0,00103143
u_001,card_03,카카오뱅크 체크카드,체크,2026-04-06 13:25:00,티머니 대중교통,대중교통,1300,0,00103154
u_001,card_01,신한카드 Deep Dream,신용,2026-04-06 18:23:00,티머니 대중교통,대중교통,1500,0,00103239
u_001,card_02,삼성 taptap O,신용,2026-04-06 20:20:00,한촌설렁탕,외식,10900,0,00103327
u_001,card_01,신한카드 Deep Dream,신용,2026-04-06 22:30:00,배달의민족,배달음식,25000,0,00103308
u_001,card_02,삼성 taptap O,신용,2026-04-07 07:26:00,티머니 대중교통,대중교통,1300,0,00103253
u_001,card_03,카카오뱅크 체크카드,체크,2026-04-07 12:07:00,GS칼텍스 셀프주유소,주유,63600,0,00103399
u_001,card_03,카카오뱅크 체크카드,체크,2026-04-07 12:26:00,티머니 대중교통,대중교통,1500,0,00103169
u_001,card_02,삼성 taptap O,신용,2026-04-07 13:20:00,온누리약국,병원/약국,67000,0,00103393
u_001,card_03,카카오뱅크 체크카드,체크,2026-04-07 17:11:00,이마트24 선릉점,편의점,10100,0,00103060
u_001,card_01,신한카드 Deep Dream,신용,2026-04-07 19:59:00,티머니 대중교통,대중교통,1500,0,00103208
u_001,card_01,신한카드 Deep Dream,신용,2026-04-08 09:33:00,교촌치킨,외식,57300,0,00103320
u_001,card_03,카카오뱅크 체크카드,체크,2026-04-08 11:11:00,컴포즈커피 논현점,카페/커피,2600,0,00103022
u_001,card_01,신한카드 Deep Dream,신용,2026-04-08 13:16:00,이마트 성수점,대형마트,133500,0,00103344
u_001,card_03,카카오뱅크 체크카드,체크,2026-04-08 13:41:00,티머니 대중교통,대중교통,1600,0,00103150
u_001,card_03,카카오뱅크 체크카드,체크,2026-04-08 13:49:00,티머니 대중교통,대중교통,1400,0,00103211
u_001,card_03,카카오뱅크 체크카드,체크,2026-04-08 14:22:00,티머니 대중교통,대중교통,1600,0,00103197
u_001,card_03,카카오뱅크 체크카드,체크,2026-04-08 17:54:00,티머니 대중교통,대중교통,1300,0,00103249
u_001,card_01,신한카드 Deep Dream,신용,2026-04-08 19:06:00,준오헤어 강남점,미용실,70300,0,00103391
u_001,card_03,카카오뱅크 체크카드,체크,2026-04-08 19:59:00,티머니 대중교통,대중교통,1400,0,00103129
u_001,card_03,카카오뱅크 체크카드,체크,2026-04-08 20:11:00,CU 강남역점,편의점,8200,0,00103051
u_001,card_02,삼성 taptap O,신용,2026-04-09 11:57:00,CGV 강남,문화/여가,37700,0,00103382
u_001,card_02,삼성 taptap O,신용,2026-04-09 13:23:00,티머니 대중교통,대중교통,1500,0,00103270
u_001,card_01,신한카드 Deep Dream,신용,2026-04-09 15:55:00,쿠팡이츠,배달음식,31800,0,00103299
u_001,card_03,카카오뱅크 체크카드,체크,2026-04-09 17:43:00,이마트24 선릉점,편의점,5800,0,00103097
u_001,card_01,신한카드 Deep Dream,신용,2026-04-09 19:15:00,CGV 강남,문화/여가,37000,0,00103386
u_001,card_02,삼성 taptap O,신용,2026-04-10 17:50:00,홈플러스 영등포점,대형마트,29200,0,00103352
u_001,card_02,삼성 taptap O,신용,2026-04-10 19:08:00,이마트 성수점,대형마트,29400,0,00103347
u_001,card_02,삼성 taptap O,신용,2026-04-10 19:22:00,유튜브 프리미엄,구독/OTT,14900,0,00102992
u_001,card_01,신한카드 Deep Dream,신용,2026-04-10 20:14:00,티머니 대중교통,대중교통,1600,0,00103164
u_001,card_01,신한카드 Deep Dream,신용,2026-04-10 21:48:00,롯데마트 서울역점,대형마트,89500,0,00103351
u_001,card_02,삼성 taptap O,신용,2026-04-11 16:23:00,유니클로 강남점,의류/패션,84100,0,00103374
u_001,card_02,삼성 taptap O,신용,2026-04-12 12:49:00,GS25 테헤란로점,편의점,11200,0,00103080
u_001,card_02,삼성 taptap O,신용,2026-04-12 13:07:00,메가커피 역삼점,카페/커피,3000,0,00103026
u_001,card_02,삼성 taptap O,신용,2026-04-12 15:05:00,쿠팡이츠,배달음식,22700,0,00103283
u_001,card_01,신한카드 Deep Dream,신용,2026-04-13 17:16:00,티머니 대중교통,대중교통,1500,0,00103233
u_001,card_01,신한카드 Deep Dream,신용,2026-04-13 19:30:00,티머니 대중교통,대중교통,1400,0,00103225
u_001,card_03,카카오뱅크 체크카드,체크,2026-04-13 19:52:00,GS25 테헤란로점,편의점,11300,0,00103044
u_001,card_02,삼성 taptap O,신용,2026-04-13 20:22:00,컴포즈커피 논현점,카페/커피,3800,0,00103018
u_001,card_03,카카오뱅크 체크카드,체크,2026-04-13 20:33:00,컴포즈커피 논현점,카페/커피,5000,0,00103014
u_001,card_02,삼성 taptap O,신용,2026-04-14 13:22:00,빕스 강남점,외식,43300,0,00103342
u_001,card_01,신한카드 Deep Dream,신용,2026-04-14 13:40:00,쿠팡,온라인쇼핑,33600,0,00103365
u_001,card_01,신한카드 Deep Dream,신용,2026-04-15 10:31:00,무신사,의류/패션,124300,0,00103370
u_001,card_01,신한카드 Deep Dream,신용,2026-04-15 12:31:00,쿠팡 와우멤버십,구독/커머스,7890,0,00102994
u_001,card_01,신한카드 Deep Dream,신용,2026-04-16 12:16:00,티머니 대중교통,대중교통,1600,0,00103210
u_001,card_03,카카오뱅크 체크카드,체크,2026-04-16 17:08:00,명동교자,외식,39600,0,00103333
u_001,card_03,카카오뱅크 체크카드,체크,2026-04-17 16:49:00,CU 강남역점,편의점,8500,0,00103078
u_001,card_01,신한카드 Deep Dream,신용,2026-04-17 17:33:00,티머니 대중교통,대중교통,1400,0,00103149
u_001,card_03,카카오뱅크 체크카드,체크,2026-04-17 22:36:00,티머니 대중교통,대중교통,1400,0,00103180
u_001,card_02,삼성 taptap O,신용,2026-04-18 08:23:00,스포티파이,구독/음악,11990,0,00102996
u_001,card_01,신한카드 Deep Dream,신용,2026-04-18 09:43:00,티머니 대중교통,대중교통,1300,0,00103203
u_001,card_01,신한카드 Deep Dream,신용,2026-04-18 13:22:00,이마트24 선릉점,편의점,10600,0,00103107
u_001,card_01,신한카드 Deep Dream,신용,2026-04-18 14:22:00,티머니 대중교통,대중교통,1500,0,00103277
u_001,card_01,신한카드 Deep Dream,신용,2026-04-18 17:25:00,이마트 성수점,대형마트,77000,0,00103354
u_001,card_02,삼성 taptap O,신용,2026-04-18 18:40:00,명동교자,외식,20600,0,00103338
u_001,card_01,신한카드 Deep Dream,신용,2026-04-18 22:21:00,티머니 대중교통,대중교통,1400,0,00103236
u_001,card_03,카카오뱅크 체크카드,체크,2026-04-19 08:05:00,티머니 대중교통,대중교통,1400,0,00103159
u_001,card_01,신한카드 Deep Dream,신용,2026-04-19 10:13:00,티머니 대중교통,대중교통,1300,0,00103267
u_001,card_02,삼성 taptap O,신용,2026-04-20 10:10:00,쿠팡이츠,배달음식,21400,0,00103289
u_001,card_01,신한카드 Deep Dream,신용,2026-04-20 14:06:00,GS25 테헤란로점,편의점,11200,0,00103056
u_001,card_02,삼성 taptap O,신용,2026-04-20 16:20:00,11번가,온라인쇼핑,68300,0,00103366
u_001,card_03,카카오뱅크 체크카드,체크,2026-04-20 17:49:00,티머니 대중교통,대중교통,1600,0,00103136
u_001,card_02,삼성 taptap O,신용,2026-04-20 21:19:00,한촌설렁탕,외식,19200,0,00103313
u_001,card_03,카카오뱅크 체크카드,체크,2026-04-21 16:16:00,서울대학교치과,병원/약국,10500,0,00103397
u_001,card_03,카카오뱅크 체크카드,체크,2026-04-21 17:24:00,투썸플레이스 선릉점,카페/커피,4200,0,00103011
u_001,card_01,신한카드 Deep Dream,신용,2026-04-21 19:51:00,11번가,온라인쇼핑,40400,0,00103361
u_001,card_01,신한카드 Deep Dream,신용,2026-04-22 10:53:00,이디야커피 삼성점,카페/커피,5900,0,00103030
u_001,card_02,삼성 taptap O,신용,2026-04-22 13:02:00,이마트24 선릉점,편의점,12100,0,00103074
u_001,card_03,카카오뱅크 체크카드,체크,2026-04-22 13:30:00,컴포즈커피 논현점,카페/커피,3700,0,00103000
u_001,card_03,카카오뱅크 체크카드,체크,2026-04-22 18:34:00,티머니 대중교통,대중교통,1600,0,00103279
u_001,card_01,신한카드 Deep Dream,신용,2026-04-22 18:59:00,세븐일레븐 역삼점,편의점,9900,0,00103055
u_001,card_01,신한카드 Deep Dream,신용,2026-04-22 22:00:00,티머니 대중교통,대중교통,1600,0,00103122
u_001,card_03,카카오뱅크 체크카드,체크,2026-04-23 12:05:00,G마켓,온라인쇼핑,93700,0,00103358
u_001,card_01,신한카드 Deep Dream,신용,2026-04-24 11:01:00,쿠팡이츠,배달음식,31200,0,00103301
u_001,card_03,카카오뱅크 체크카드,체크,2026-04-24 15:44:00,티머니 대중교통,대중교통,1300,0,00103109
u_001,card_03,카카오뱅크 체크카드,체크,2026-04-24 18:05:00,쿠팡이츠,배달음식,19700,0,00103303
u_001,card_01,신한카드 Deep Dream,신용,2026-04-25 10:36:00,SK텔레콤,통신비,55000,0,00102985
u_001,card_03,카카오뱅크 체크카드,체크,2026-04-25 15:29:00,티머니 대중교통,대중교통,1400,0,00103185
u_001,card_03,카카오뱅크 체크카드,체크,2026-04-25 17:11:00,이마트24 선릉점,편의점,4800,0,00103100
u_001,card_02,삼성 taptap O,신용,2026-04-26 10:41:00,이마트24 선릉점,편의점,6700,0,00103093
u_001,card_02,삼성 taptap O,신용,2026-04-26 17:54:00,쿠팡이츠,배달음식,23100,0,00103290
u_001,card_01,신한카드 Deep Dream,신용,2026-04-26 19:09:00,예스24,문화/여가,14100,0,00103375
u_001,card_01,신한카드 Deep Dream,신용,2026-04-26 21:28:00,컴포즈커피 논현점,카페/커피,5900,0,00103020
u_001,card_03,카카오뱅크 체크카드,체크,2026-04-27 11:20:00,티머니 대중교통,대중교통,1400,0,00103206
u_001,card_01,신한카드 Deep Dream,신용,2026-04-28 08:40:00,티머니 대중교통,대중교통,1300,0,00103192
u_001,card_03,카카오뱅크 체크카드,체크,2026-04-28 16:56:00,티머니 대중교통,대중교통,1500,0,00103217
u_001,card_02,삼성 taptap O,신용,2026-04-28 17:36:00,티머니 대중교통,대중교통,1500,0,00103245
u_001,card_01,신한카드 Deep Dream,신용,2026-04-28 19:32:00,티머니 대중교통,대중교통,1400,0,00103220
u_001,card_03,카카오뱅크 체크카드,체크,2026-04-29 13:45:00,스타벅스 강남점,카페/커피,2400,0,00103005
u_001,card_03,카카오뱅크 체크카드,체크,2026-04-29 17:48:00,GS25 테헤란로점,편의점,11600,0,00103061
u_001,card_03,카카오뱅크 체크카드,체크,2026-04-30 17:16:00,세븐일레븐 역삼점,편의점,2900,0,00103082
u_001,card_03,카카오뱅크 체크카드,체크,2026-05-01 14:26:00,티머니 대중교통,대중교통,1600,0,00103709
u_001,card_03,카카오뱅크 체크카드,체크,2026-05-01 17:00:00,G마켓,온라인쇼핑,69100,0,00103810
u_001,card_03,카카오뱅크 체크카드,체크,2026-05-01 17:38:00,티머니 대중교통,대중교통,1600,0,00103713
u_001,card_02,삼성 taptap O,신용,2026-05-02 09:36:00,GS25 테헤란로점,편의점,4800,0,00103488
u_001,card_01,신한카드 Deep Dream,신용,2026-05-02 18:42:00,티머니 대중교통,대중교통,1500,0,00103645
u_001,card_01,신한카드 Deep Dream,신용,2026-05-02 19:28:00,홈플러스 영등포점,대형마트,83000,0,00103800
u_001,card_01,신한카드 Deep Dream,신용,2026-05-03 18:17:00,교보문고,문화/여가,31200,0,00103834
u_001,card_01,신한카드 Deep Dream,신용,2026-05-03 20:09:00,티머니 대중교통,대중교통,1500,0,00103706
u_001,card_02,삼성 taptap O,신용,2026-05-03 22:45:00,서울대학교치과,병원/약국,68400,0,00103843
u_001,card_02,삼성 taptap O,신용,2026-05-04 11:33:00,CU 강남역점,편의점,3200,0,00103513
u_001,card_03,카카오뱅크 체크카드,체크,2026-05-04 18:08:00,명동교자,외식,20800,0,00103767
u_001,card_01,신한카드 Deep Dream,신용,2026-05-04 23:50:00,이디야커피 삼성점,카페/커피,3000,0,00103444
u_001,card_01,신한카드 Deep Dream,신용,2026-05-05 09:06:00,11번가,온라인쇼핑,13200,0,00103825
u_001,card_01,신한카드 Deep Dream,신용,2026-05-05 09:50:00,넷플릭스,구독/OTT,13500,0,00103406
u_001,card_01,신한카드 Deep Dream,신용,2026-05-05 18:07:00,세븐일레븐 역삼점,편의점,11500,0,00103475
u_001,card_02,삼성 taptap O,신용,2026-05-05 18:12:00,티머니 대중교통,대중교통,1500,0,00103596
u_001,card_02,삼성 taptap O,신용,2026-05-05 18:55:00,티머니 대중교통,대중교통,1300,0,00103684
u_001,card_02,삼성 taptap O,신용,2026-05-05 19:35:00,티머니 대중교통,대중교통,1400,0,00103584
u_001,card_01,신한카드 Deep Dream,신용,2026-05-06 13:16:00,컴포즈커피 논현점,카페/커피,2600,0,00103465
u_001,card_03,카카오뱅크 체크카드,체크,2026-05-06 13:46:00,티머니 대중교통,대중교통,1500,0,00103557
u_001,card_02,삼성 taptap O,신용,2026-05-06 18:34:00,이마트24 선릉점,편의점,4500,0,00103520
u_001,card_03,카카오뱅크 체크카드,체크,2026-05-06 19:23:00,올리브영 강남점,뷰티/드럭,26600,0,00103826
u_001,card_03,카카오뱅크 체크카드,체크,2026-05-07 07:19:00,티머니 대중교통,대중교통,1400,0,00103604
u_001,card_01,신한카드 Deep Dream,신용,2026-05-07 13:52:00,스시로,외식,28100,0,00103753
u_001,card_03,카카오뱅크 체크카드,체크,2026-05-07 22:52:00,GS25 테헤란로점,편의점,6700,0,00103539
u_001,card_03,카카오뱅크 체크카드,체크,2026-05-07 23:55:00,배달의민족,배달음식,14200,0,00103738
u_001,card_03,카카오뱅크 체크카드,체크,2026-05-08 17:47:00,CU 강남역점,편의점,10800,0,00103514
u_001,card_02,삼성 taptap O,신용,2026-05-08 18:30:00,티머니 대중교통,대중교통,1600,0,00103715
u_001,card_01,신한카드 Deep Dream,신용,2026-05-08 18:59:00,이디야커피 삼성점,카페/커피,3300,0,00103431
u_001,card_01,신한카드 Deep Dream,신용,2026-05-08 19:05:00,티머니 대중교통,대중교통,1400,0,00103612
u_001,card_03,카카오뱅크 체크카드,체크,2026-05-08 23:28:00,티머니 대중교통,대중교통,1300,0,00103578
u_001,card_02,삼성 taptap O,신용,2026-05-09 19:08:00,티머니 대중교통,대중교통,1300,0,00103591
u_001,card_01,신한카드 Deep Dream,신용,2026-05-09 19:39:00,티머니 대중교통,대중교통,1300,0,00103638
u_001,card_01,신한카드 Deep Dream,신용,2026-05-09 20:05:00,티머니 대중교통,대중교통,1400,0,00103546
u_001,card_02,삼성 taptap O,신용,2026-05-10 07:02:00,유튜브 프리미엄,구독/OTT,14900,0,00103411
u_001,card_01,신한카드 Deep Dream,신용,2026-05-10 11:22:00,이디야커피 삼성점,카페/커피,6400,0,00103455
u_001,card_03,카카오뱅크 체크카드,체크,2026-05-10 18:56:00,티머니 대중교통,대중교통,1400,0,00103672
u_001,card_01,신한카드 Deep Dream,신용,2026-05-11 10:34:00,티머니 대중교통,대중교통,1500,0,00103695
u_001,card_03,카카오뱅크 체크카드,체크,2026-05-11 19:53:00,교보문고,문화/여가,36200,0,00103831
u_001,card_03,카카오뱅크 체크카드,체크,2026-05-12 15:59:00,티머니 대중교통,대중교통,1600,0,00103611
u_001,card_03,카카오뱅크 체크카드,체크,2026-05-12 16:46:00,스타벅스 강남점,카페/커피,5700,0,00103467
u_001,card_02,삼성 taptap O,신용,2026-05-12 19:32:00,롯데마트 서울역점,대형마트,39200,0,00103788
u_001,card_01,신한카드 Deep Dream,신용,2026-05-12 21:41:00,GS25 테헤란로점,편의점,5100,0,00103493
u_001,card_02,삼성 taptap O,신용,2026-05-13 18:57:00,티머니 대중교통,대중교통,1400,0,00103654
u_001,card_03,카카오뱅크 체크카드,체크,2026-05-13 19:50:00,티머니 대중교통,대중교통,1500,0,00103550
u_001,card_03,카카오뱅크 체크카드,체크,2026-05-14 13:15:00,이마트24 선릉점,편의점,11900,0,00103528
u_001,card_01,신한카드 Deep Dream,신용,2026-05-14 15:57:00,스시로,외식,30200,0,00103773
u_001,card_03,카카오뱅크 체크카드,체크,2026-05-14 17:10:00,티머니 대중교통,대중교통,1600,0,00103700
u_001,card_01,신한카드 Deep Dream,신용,2026-05-14 17:39:00,온누리약국,병원/약국,84800,0,00103846
u_001,card_01,신한카드 Deep Dream,신용,2026-05-15 11:08:00,티머니 대중교통,대중교통,1600,0,00103711
u_001,card_01,신한카드 Deep Dream,신용,2026-05-15 17:39:00,쿠팡,온라인쇼핑,19400,0,00103820
u_001,card_01,신한카드 Deep Dream,신용,2026-05-15 19:30:00,쿠팡 와우멤버십,구독/커머스,7890,0,00103417
u_001,card_01,신한카드 Deep Dream,신용,2026-05-15 21:44:00,스시로,외식,19900,0,00103758
u_001,card_03,카카오뱅크 체크카드,체크,2026-05-15 23:54:00,세븐일레븐 역삼점,편의점,7300,0,00103523
u_001,card_01,신한카드 Deep Dream,신용,2026-05-16 12:26:00,티머니 대중교통,대중교통,1500,0,00103726
u_001,card_03,카카오뱅크 체크카드,체크,2026-05-16 14:49:00,쿠팡이츠,배달음식,22600,0,00103739
u_001,card_01,신한카드 Deep Dream,신용,2026-05-16 16:29:00,티머니 대중교통,대중교통,1600,0,00103659
u_001,card_01,신한카드 Deep Dream,신용,2026-05-16 17:13:00,티머니 대중교통,대중교통,1300,0,00103628
u_001,card_01,신한카드 Deep Dream,신용,2026-05-16 18:22:00,티머니 대중교통,대중교통,1500,0,00103668
u_001,card_03,카카오뱅크 체크카드,체크,2026-05-17 09:13:00,GS25 테헤란로점,편의점,2200,0,00103507
u_001,card_02,삼성 taptap O,신용,2026-05-17 09:46:00,준오헤어 강남점,미용실,35800,0,00103840
u_001,card_02,삼성 taptap O,신용,2026-05-17 10:32:00,티머니 대중교통,대중교통,1300,0,00103571
u_001,card_03,카카오뱅크 체크카드,체크,2026-05-17 14:54:00,티머니 대중교통,대중교통,1600,0,00103719
u_001,card_02,삼성 taptap O,신용,2026-05-17 18:09:00,티머니 대중교통,대중교통,1600,0,00103634
u_001,card_01,신한카드 Deep Dream,신용,2026-05-17 22:11:00,GS25 테헤란로점,편의점,12300,0,00103482
u_001,card_01,신한카드 Deep Dream,신용,2026-05-18 08:22:00,쿠팡,온라인쇼핑,36200,0,00103821
u_001,card_01,신한카드 Deep Dream,신용,2026-05-18 15:09:00,티머니 대중교통,대중교통,1500,0,00103541
u_001,card_02,삼성 taptap O,신용,2026-05-18 15:52:00,배달의민족,배달음식,29200,0,00103745
u_001,card_02,삼성 taptap O,신용,2026-05-18 17:23:00,스포티파이,구독/음악,11990,0,00103424
u_001,card_03,카카오뱅크 체크카드,체크,2026-05-18 21:16:00,이마트24 선릉점,편의점,5000,0,00103531
u_001,card_01,신한카드 Deep Dream,신용,2026-05-19 10:49:00,이마트 성수점,대형마트,114400,0,00103797
u_001,card_03,카카오뱅크 체크카드,체크,2026-05-19 21:21:00,티머니 대중교통,대중교통,1400,0,00103560
u_001,card_01,신한카드 Deep Dream,신용,2026-05-20 12:27:00,티머니 대중교통,대중교통,1600,0,00103599
u_001,card_03,카카오뱅크 체크카드,체크,2026-05-20 13:19:00,CU 강남역점,편의점,1800,0,00103536
u_001,card_01,신한카드 Deep Dream,신용,2026-05-20 13:25:00,티머니 대중교통,대중교통,1500,0,00103580
u_001,card_01,신한카드 Deep Dream,신용,2026-05-20 22:36:00,쿠팡이츠,배달음식,24500,0,00103744
u_001,card_02,삼성 taptap O,신용,2026-05-21 10:34:00,스타벅스 강남점,카페/커피,2500,0,00103438
u_001,card_03,카카오뱅크 체크카드,체크,2026-05-21 22:00:00,이마트 성수점,대형마트,51700,0,00103805
u_001,card_01,신한카드 Deep Dream,신용,2026-05-22 10:19:00,티머니 대중교통,대중교통,1400,0,00103689
u_001,card_01,신한카드 Deep Dream,신용,2026-05-22 14:23:00,티머니 대중교통,대중교통,1500,0,00103602
u_001,card_02,삼성 taptap O,신용,2026-05-23 21:33:00,티머니 대중교통,대중교통,1600,0,00103635
u_001,card_03,카카오뱅크 체크카드,체크,2026-05-24 11:43:00,컴포즈커피 논현점,카페/커피,2500,0,00103474
u_001,card_03,카카오뱅크 체크카드,체크,2026-05-24 16:28:00,투썸플레이스 선릉점,카페/커피,3100,0,00103452
u_001,card_03,카카오뱅크 체크카드,체크,2026-05-24 17:55:00,투썸플레이스 선릉점,카페/커피,5800,0,00103460
u_001,card_03,카카오뱅크 체크카드,체크,2026-05-24 18:03:00,티머니 대중교통,대중교통,1600,0,00103565
u_001,card_03,카카오뱅크 체크카드,체크,2026-05-24 21:55:00,티머니 대중교통,대중교통,1300,0,00103619
u_001,card_03,카카오뱅크 체크카드,체크,2026-05-25 07:24:00,이디야커피 삼성점,카페/커피,4800,0,00103447
u_001,card_01,신한카드 Deep Dream,신용,2026-05-25 10:17:00,SK텔레콤,통신비,55000,0,00103404
u_001,card_03,카카오뱅크 체크카드,체크,2026-05-25 18:27:00,세븐일레븐 역삼점,편의점,12000,0,00103515
u_001,card_02,삼성 taptap O,신용,2026-05-26 09:45:00,빕스 강남점,외식,19700,0,00103783
u_001,card_01,신한카드 Deep Dream,신용,2026-05-26 18:33:00,티머니 대중교통,대중교통,1400,0,00103697
u_001,card_02,삼성 taptap O,신용,2026-05-27 18:16:00,이마트24 선릉점,편의점,7900,0,00103489
u_001,card_01,신한카드 Deep Dream,신용,2026-05-27 20:19:00,티머니 대중교통,대중교통,1400,0,00103623
u_001,card_03,카카오뱅크 체크카드,체크,2026-05-29 08:24:00,쿠팡이츠,배달음식,20100,0,00103750
u_001,card_03,카카오뱅크 체크카드,체크,2026-05-29 09:49:00,티머니 대중교통,대중교통,1500,0,00103562
u_001,card_01,신한카드 Deep Dream,신용,2026-05-29 13:25:00,티머니 대중교통,대중교통,1300,0,00103678
u_001,card_01,신한카드 Deep Dream,신용,2026-05-29 13:41:00,스시로,외식,22200,0,00103779
u_001,card_03,카카오뱅크 체크카드,체크,2026-05-29 15:46:00,스시로,외식,18300,0,00103763
u_001,card_01,신한카드 Deep Dream,신용,2026-05-29 18:29:00,네이버쇼핑,온라인쇼핑,73700,0,00103814
u_001,card_03,카카오뱅크 체크카드,체크,2026-05-29 19:15:00,컴포즈커피 논현점,카페/커피,2200,0,00103470
u_001,card_03,카카오뱅크 체크카드,체크,2026-05-30 07:55:00,티머니 대중교통,대중교통,1600,0,00103651
u_001,card_03,카카오뱅크 체크카드,체크,2026-05-30 08:35:00,이마트24 선릉점,편의점,2800,0,00103499
u_001,card_01,신한카드 Deep Dream,신용,2026-05-30 18:12:00,쿠팡이츠,배달음식,20800,0,00103733
u_001,card_01,신한카드 Deep Dream,신용,2026-05-30 21:19:00,티머니 대중교통,대중교통,1600,0,00103662
u_001,card_03,카카오뱅크 체크카드,체크,2026-05-31 07:02:00,이마트24 선릉점,편의점,8900,0,00103534
u_001,card_02,삼성 taptap O,신용,2026-05-31 08:10:00,홈플러스 영등포점,대형마트,49000,0,00103791
u_001,card_03,카카오뱅크 체크카드,체크,2026-05-31 08:39:00,세븐일레븐 역삼점,편의점,8300,0,00103502
u_001,card_01,신한카드 Deep Dream,신용,2026-06-01 13:33:00,쿠팡이츠,배달음식,21500,0,00104159
u_001,card_02,삼성 taptap O,신용,2026-06-01 15:46:00,티머니 대중교통,대중교통,1500,0,00104096
u_001,card_01,신한카드 Deep Dream,신용,2026-06-01 19:02:00,박승철헤어스투디오,미용실,24400,0,00104274
u_001,card_01,신한카드 Deep Dream,신용,2026-06-02 08:59:00,홈플러스 영등포점,대형마트,61800,0,00104211
u_001,card_02,삼성 taptap O,신용,2026-06-02 09:10:00,쿠팡이츠,배달음식,33000,0,00104144
u_001,card_02,삼성 taptap O,신용,2026-06-02 12:28:00,쿠팡,온라인쇼핑,18600,0,00104222
u_001,card_03,카카오뱅크 체크카드,체크,2026-06-02 15:58:00,쿠팡이츠,배달음식,15200,0,00104165
u_001,card_03,카카오뱅크 체크카드,체크,2026-06-02 18:18:00,티머니 대중교통,대중교통,1600,0,00104110
u_001,card_01,신한카드 Deep Dream,신용,2026-06-03 11:46:00,메가박스 코엑스,문화/여가,40700,0,00104266
u_001,card_03,카카오뱅크 체크카드,체크,2026-06-03 12:08:00,티머니 대중교통,대중교통,1300,0,00104115
u_001,card_03,카카오뱅크 체크카드,체크,2026-06-03 13:53:00,자라 코엑스점,의류/패션,76900,0,00104253
u_001,card_03,카카오뱅크 체크카드,체크,2026-06-03 16:54:00,티머니 대중교통,대중교통,1500,0,00104035
u_001,card_01,신한카드 Deep Dream,신용,2026-06-03 17:20:00,티머니 대중교통,대중교통,1600,0,00104020
u_001,card_03,카카오뱅크 체크카드,체크,2026-06-03 18:42:00,티머니 대중교통,대중교통,1400,0,00104086
u_001,card_03,카카오뱅크 체크카드,체크,2026-06-04 09:46:00,티머니 대중교통,대중교통,1500,0,00104080
u_001,card_01,신한카드 Deep Dream,신용,2026-06-04 14:38:00,티머니 대중교통,대중교통,1500,0,00104021
u_001,card_01,신한카드 Deep Dream,신용,2026-06-04 14:45:00,GS25 테헤란로점,편의점,7800,0,00103962
u_001,card_01,신한카드 Deep Dream,신용,2026-06-04 18:50:00,티머니 대중교통,대중교통,1500,0,00103999
u_001,card_03,카카오뱅크 체크카드,체크,2026-06-05 10:56:00,티머니 대중교통,대중교통,1300,0,00104053
u_001,card_01,신한카드 Deep Dream,신용,2026-06-05 13:41:00,이마트24 선릉점,편의점,3000,0,00103975
u_001,card_01,신한카드 Deep Dream,신용,2026-06-05 13:57:00,CU 강남역점,편의점,6100,0,00103956
u_001,card_02,삼성 taptap O,신용,2026-06-05 18:51:00,빕스 강남점,외식,33600,0,00104198
u_001,card_03,카카오뱅크 체크카드,체크,2026-06-05 19:26:00,티머니 대중교통,대중교통,1600,0,00104134
u_001,card_01,신한카드 Deep Dream,신용,2026-06-05 20:56:00,넷플릭스,구독/OTT,13500,0,00103855
u_001,card_01,신한카드 Deep Dream,신용,2026-06-06 11:44:00,티머니 대중교통,대중교통,1500,0,00104009
u_001,card_03,카카오뱅크 체크카드,체크,2026-06-07 12:04:00,메가커피 역삼점,카페/커피,2100,0,00103876
u_001,card_03,카카오뱅크 체크카드,체크,2026-06-07 18:22:00,교보문고,문화/여가,31600,0,00104261
u_001,card_03,카카오뱅크 체크카드,체크,2026-06-07 18:28:00,티머니 대중교통,대중교통,1300,0,00104027
u_001,card_01,신한카드 Deep Dream,신용,2026-06-08 10:55:00,쿠팡이츠,배달음식,24400,0,00104153
u_001,card_01,신한카드 Deep Dream,신용,2026-06-08 17:19:00,교보문고,문화/여가,44100,0,00104270
u_001,card_03,카카오뱅크 체크카드,체크,2026-06-08 20:21:00,티머니 대중교통,대중교통,1500,0,00104127
u_001,card_01,신한카드 Deep Dream,신용,2026-06-09 08:24:00,이마트 성수점,대형마트,49200,0,00104209
u_001,card_01,신한카드 Deep Dream,신용,2026-06-09 09:11:00,티머니 대중교통,대중교통,1400,0,00104120
u_001,card_01,신한카드 Deep Dream,신용,2026-06-09 21:21:00,이마트24 선릉점,편의점,7500,0,00103987
u_001,card_01,신한카드 Deep Dream,신용,2026-06-10 07:43:00,컴포즈커피 논현점,카페/커피,6200,0,00103879
u_001,card_02,삼성 taptap O,신용,2026-06-10 08:12:00,스타벅스 강남점,카페/커피,3400,0,00103914
u_001,card_02,삼성 taptap O,신용,2026-06-10 12:18:00,유튜브 프리미엄,구독/OTT,14900,0,00103857
u_001,card_01,신한카드 Deep Dream,신용,2026-06-10 18:20:00,티머니 대중교통,대중교통,1400,0,00104030
u_001,card_03,카카오뱅크 체크카드,체크,2026-06-11 08:11:00,컴포즈커피 논현점,카페/커피,5200,0,00103881
u_001,card_01,신한카드 Deep Dream,신용,2026-06-11 17:21:00,컴포즈커피 논현점,카페/커피,6500,0,00103900
u_001,card_01,신한카드 Deep Dream,신용,2026-06-11 17:49:00,CU 강남역점,편의점,4800,0,00103945
u_001,card_03,카카오뱅크 체크카드,체크,2026-06-11 19:41:00,이디야커피 삼성점,카페/커피,4800,0,00103883
u_001,card_03,카카오뱅크 체크카드,체크,2026-06-13 10:36:00,티머니 대중교통,대중교통,1400,0,00104140
u_001,card_03,카카오뱅크 체크카드,체크,2026-06-13 14:38:00,메가커피 역삼점,카페/커피,6400,0,00103904
u_001,card_02,삼성 taptap O,신용,2026-06-13 21:36:00,네이버쇼핑,온라인쇼핑,43900,0,00104229
u_001,card_01,신한카드 Deep Dream,신용,2026-06-13 22:59:00,쿠팡이츠,배달음식,27600,0,00104149
u_001,card_01,신한카드 Deep Dream,신용,2026-06-13 23:42:00,티머니 대중교통,대중교통,1400,0,00104049
u_001,card_01,신한카드 Deep Dream,신용,2026-06-14 08:59:00,티머니 대중교통,대중교통,1400,0,00104101
u_001,card_02,삼성 taptap O,신용,2026-06-14 12:42:00,티머니 대중교통,대중교통,1500,0,00104015
u_001,card_03,카카오뱅크 체크카드,체크,2026-06-14 16:12:00,티머니 대중교통,대중교통,1500,0,00104047
u_001,card_03,카카오뱅크 체크카드,체크,2026-06-14 18:25:00,티머니 대중교통,대중교통,1600,0,00104042
u_001,card_02,삼성 taptap O,신용,2026-06-14 21:45:00,롯데마트 서울역점,대형마트,56600,0,00104221
u_001,card_01,신한카드 Deep Dream,신용,2026-06-15 07:01:00,쿠팡 와우멤버십,구독/커머스,7890,0,00103861
u_001,card_01,신한카드 Deep Dream,신용,2026-06-15 09:30:00,티머니 대중교통,대중교통,1500,0,00103991
u_001,card_02,삼성 taptap O,신용,2026-06-15 12:02:00,백종원의 새마을식당,외식,32000,0,00104189
u_001,card_03,카카오뱅크 체크카드,체크,2026-06-15 15:27:00,티머니 대중교통,대중교통,1600,0,00104065
u_001,card_01,신한카드 Deep Dream,신용,2026-06-16 13:03:00,다이소 역삼점,뷰티/드럭,15900,0,00104249
u_001,card_03,카카오뱅크 체크카드,체크,2026-06-16 17:21:00,이디야커피 삼성점,카페/커피,3300,0,00103887
u_001,card_02,삼성 taptap O,신용,2026-06-17 09:56:00,티머니 대중교통,대중교통,1600,0,00104085
u_001,card_03,카카오뱅크 체크카드,체크,2026-06-17 10:21:00,이마트24 선릉점,편의점,1900,0,00103918
u_001,card_03,카카오뱅크 체크카드,체크,2026-06-18 12:15:00,티머니 대중교통,대중교통,1500,0,00104004
u_001,card_01,신한카드 Deep Dream,신용,2026-06-18 13:20:00,GS25 테헤란로점,편의점,9900,0,00103953
u_001,card_01,신한카드 Deep Dream,신용,2026-06-18 15:43:00,GS25 테헤란로점,편의점,8800,0,00103957
u_001,card_02,삼성 taptap O,신용,2026-06-18 18:07:00,스포티파이,구독/음악,11990,0,00103867
u_001,card_03,카카오뱅크 체크카드,체크,2026-06-19 12:59:00,티머니 대중교통,대중교통,1500,0,00104071
u_001,card_03,카카오뱅크 체크카드,체크,2026-06-19 17:45:00,티머니 대중교통,대중교통,1400,0,00104074
u_001,card_02,삼성 taptap O,신용,2026-06-19 19:46:00,쿠팡이츠,배달음식,24800,0,00104177
u_001,card_03,카카오뱅크 체크카드,체크,2026-06-19 22:45:00,티머니 대중교통,대중교통,1600,0,00104033
u_001,card_02,삼성 taptap O,신용,2026-06-19 23:20:00,쿠팡이츠,배달음식,18400,0,00104182
u_001,card_02,삼성 taptap O,신용,2026-06-20 08:33:00,세븐일레븐 역삼점,편의점,2900,0,00103939
u_001,card_02,삼성 taptap O,신용,2026-06-20 09:34:00,이마트 성수점,대형마트,79500,0,00104218
u_001,card_02,삼성 taptap O,신용,2026-06-20 09:54:00,한촌설렁탕,외식,50800,0,00104196
u_001,card_03,카카오뱅크 체크카드,체크,2026-06-20 18:53:00,한촌설렁탕,외식,15000,0,00104191
u_001,card_02,삼성 taptap O,신용,2026-06-21 18:42:00,교촌치킨,외식,38700,0,00104206
u_001,card_01,신한카드 Deep Dream,신용,2026-06-22 09:06:00,한촌설렁탕,외식,9600,0,00104188
u_001,card_01,신한카드 Deep Dream,신용,2026-06-22 12:00:00,세븐일레븐 역삼점,편의점,3400,0,00103950
u_001,card_03,카카오뱅크 체크카드,체크,2026-06-22 13:57:00,GS25 테헤란로점,편의점,6600,0,00103941
u_001,card_01,신한카드 Deep Dream,신용,2026-06-22 18:03:00,티머니 대중교통,대중교통,1600,0,00104022
u_001,card_01,신한카드 Deep Dream,신용,2026-06-22 18:26:00,티머니 대중교통,대중교통,1500,0,00104060
u_001,card_03,카카오뱅크 체크카드,체크,2026-06-22 21:34:00,티머니 대중교통,대중교통,1600,0,00104093
u_001,card_01,신한카드 Deep Dream,신용,2026-06-23 12:01:00,티머니 대중교통,대중교통,1500,0,00104038
u_001,card_03,카카오뱅크 체크카드,체크,2026-06-23 19:29:00,GS25 테헤란로점,편의점,12500,0,00103969
u_001,card_01,신한카드 Deep Dream,신용,2026-06-23 20:49:00,다이소 역삼점,뷰티/드럭,40200,0,00104236
u_001,card_03,카카오뱅크 체크카드,체크,2026-06-24 10:55:00,세븐일레븐 역삼점,편의점,10100,0,00103919
u_001,card_02,삼성 taptap O,신용,2026-06-24 11:50:00,티머니 대중교통,대중교통,1300,0,00104126
u_001,card_01,신한카드 Deep Dream,신용,2026-06-24 16:10:00,티머니 대중교통,대중교통,1400,0,00104106
u_001,card_02,삼성 taptap O,신용,2026-06-25 11:02:00,유니클로 강남점,의류/패션,129500,0,00104257
u_001,card_01,신한카드 Deep Dream,신용,2026-06-25 12:55:00,이마트24 선릉점,편의점,9100,0,00103980
u_001,card_01,신한카드 Deep Dream,신용,2026-06-25 19:31:00,SK텔레콤,통신비,55000,0,00103850
u_001,card_03,카카오뱅크 체크카드,체크,2026-06-26 13:46:00,스타벅스 강남점,카페/커피,5400,0,00103893
u_001,card_01,신한카드 Deep Dream,신용,2026-06-26 13:51:00,이디야커피 삼성점,카페/커피,5400,0,00103873
u_001,card_01,신한카드 Deep Dream,신용,2026-06-26 22:52:00,올리브영 강남점,뷰티/드럭,12600,0,00104243
u_001,card_01,신한카드 Deep Dream,신용,2026-06-27 08:24:00,CU 강남역점,편의점,10000,0,00103925
u_001,card_02,삼성 taptap O,신용,2026-06-27 11:38:00,티머니 대중교통,대중교통,1500,0,00104066
u_001,card_03,카카오뱅크 체크카드,체크,2026-06-28 12:05:00,투썸플레이스 선릉점,카페/커피,4500,0,00103908
u_001,card_02,삼성 taptap O,신용,2026-06-28 17:03:00,티머니 대중교통,대중교통,1400,0,00104036
u_001,card_03,카카오뱅크 체크카드,체크,2026-06-28 17:08:00,티머니 대중교통,대중교통,1300,0,00103996
u_001,card_01,신한카드 Deep Dream,신용,2026-06-28 20:16:00,쿠팡이츠,배달음식,20900,0,00104171
u_001,card_01,신한카드 Deep Dream,신용,2026-06-28 22:43:00,GS25 테헤란로점,편의점,10100,0,00103932
u_001,card_02,삼성 taptap O,신용,2026-06-29 07:02:00,네이버쇼핑,온라인쇼핑,74200,0,00104228
u_001,card_01,신한카드 Deep Dream,신용,2026-06-29 13:42:00,빕스 강남점,외식,16300,0,00104199
u_001,card_03,카카오뱅크 체크카드,체크,2026-06-29 13:52:00,이마트24 선릉점,편의점,11200,0,00103964
u_001,card_02,삼성 taptap O,신용,2026-06-29 22:13:00,투썸플레이스 선릉점,카페/커피,3900,0,00103913
u_001,card_03,카카오뱅크 체크카드,체크,2026-06-30 12:01:00,스타벅스 강남점,카페/커피,4900,0,00103903
u_001,card_01,신한카드 Deep Dream,신용,2026-07-01 09:50:00,G마켓,온라인쇼핑,72500,0,00104697
u_001,card_02,삼성 taptap O,신용,2026-07-01 10:29:00,백종원의 새마을식당,외식,26000,0,00104641
u_001,card_02,삼성 taptap O,신용,2026-07-01 13:41:00,티머니 대중교통,대중교통,1400,0,00104505
u_001,card_03,카카오뱅크 체크카드,체크,2026-07-01 17:08:00,티머니 대중교통,대중교통,1400,0,00104497
u_001,card_02,삼성 taptap O,신용,2026-07-02 22:32:00,교촌치킨,외식,28000,0,00104646
u_001,card_02,삼성 taptap O,신용,2026-07-03 12:11:00,쿠팡이츠,배달음식,12200,0,00104596
u_001,card_03,카카오뱅크 체크카드,체크,2026-07-04 10:14:00,이마트 성수점,대형마트,57100,0,00104690
u_001,card_03,카카오뱅크 체크카드,체크,2026-07-04 14:31:00,빕스 강남점,외식,51800,0,00104619
u_001,card_02,삼성 taptap O,신용,2026-07-04 20:50:00,백종원의 새마을식당,외식,23300,0,00104666
u_001,card_02,삼성 taptap O,신용,2026-07-04 21:33:00,티머니 대중교통,대중교통,1600,0,00104493
u_001,card_02,삼성 taptap O,신용,2026-07-05 11:45:00,티머니 대중교통,대중교통,1500,0,00104536
u_001,card_01,신한카드 Deep Dream,신용,2026-07-05 13:40:00,백종원의 새마을식당,외식,32400,0,00104644
u_001,card_01,신한카드 Deep Dream,신용,2026-07-05 14:29:00,이마트24 선릉점,편의점,5000,0,00104386
u_001,card_01,신한카드 Deep Dream,신용,2026-07-05 14:53:00,티머니 대중교통,대중교통,1600,0,00104556
u_001,card_03,카카오뱅크 체크카드,체크,2026-07-05 17:28:00,메가커피 역삼점,카페/커피,5400,0,00104326
u_001,card_01,신한카드 Deep Dream,신용,2026-07-05 21:09:00,넷플릭스,구독/OTT,13500,0,00104287
u_001,card_02,삼성 taptap O,신용,2026-07-06 08:15:00,이마트24 선릉점,편의점,2000,0,00104366
u_001,card_01,신한카드 Deep Dream,신용,2026-07-06 10:47:00,다이소 역삼점,뷰티/드럭,51900,0,00104706
u_001,card_03,카카오뱅크 체크카드,체크,2026-07-07 11:08:00,세븐일레븐 역삼점,편의점,11900,0,00104387
u_001,card_03,카카오뱅크 체크카드,체크,2026-07-07 13:59:00,티머니 대중교통,대중교통,1600,0,00104455
u_001,card_01,신한카드 Deep Dream,신용,2026-07-07 17:03:00,CU 강남역점,편의점,7700,0,00104380
u_001,card_01,신한카드 Deep Dream,신용,2026-07-07 19:07:00,쿠팡,온라인쇼핑,26100,0,00104691
u_001,card_01,신한카드 Deep Dream,신용,2026-07-08 08:19:00,스타벅스 강남점,카페/커피,3100,0,00104304
u_001,card_01,신한카드 Deep Dream,신용,2026-07-08 12:26:00,세븐일레븐 역삼점,편의점,3300,0,00104376
u_001,card_03,카카오뱅크 체크카드,체크,2026-07-08 19:39:00,GS25 테헤란로점,편의점,4400,0,00104345
u_001,card_01,신한카드 Deep Dream,신용,2026-07-10 14:18:00,티머니 대중교통,대중교통,1300,0,00104519
u_001,card_02,삼성 taptap O,신용,2026-07-10 16:09:00,티머니 대중교통,대중교통,1300,0,00104545
u_001,card_03,카카오뱅크 체크카드,체크,2026-07-10 17:36:00,티머니 대중교통,대중교통,1500,0,00104454
u_001,card_02,삼성 taptap O,신용,2026-07-10 17:59:00,유튜브 프리미엄,구독/OTT,14900,0,00104288
u_001,card_02,삼성 taptap O,신용,2026-07-10 21:13:00,쿠팡,온라인쇼핑,10300,0,00104703
u_001,card_01,신한카드 Deep Dream,신용,2026-07-10 21:47:00,배달의민족,배달음식,26600,0,00104581
u_001,card_01,신한카드 Deep Dream,신용,2026-07-10 22:48:00,쿠팡이츠,배달음식,27600,0,00104591
u_001,card_02,삼성 taptap O,신용,2026-07-11 12:44:00,빕스 강남점,외식,29700,0,00104657
u_001,card_03,카카오뱅크 체크카드,체크,2026-07-11 17:09:00,티머니 대중교통,대중교통,1500,0,00104413
u_001,card_02,삼성 taptap O,신용,2026-07-11 17:57:00,티머니 대중교통,대중교통,1500,0,00104512
u_001,card_03,카카오뱅크 체크카드,체크,2026-07-12 07:12:00,티머니 대중교통,대중교통,1500,0,00104498
u_001,card_02,삼성 taptap O,신용,2026-07-12 09:53:00,GS칼텍스 셀프주유소,주유,52100,0,00104722
u_001,card_03,카카오뱅크 체크카드,체크,2026-07-12 19:39:00,무신사,의류/패션,75200,0,00104708
u_001,card_02,삼성 taptap O,신용,2026-07-12 20:00:00,명동교자,외식,15300,0,00104659
u_001,card_03,카카오뱅크 체크카드,체크,2026-07-13 09:00:00,스타벅스 강남점,카페/커피,3300,0,00104333
u_001,card_03,카카오뱅크 체크카드,체크,2026-07-13 17:08:00,스타벅스 강남점,카페/커피,4700,0,00104321
u_001,card_01,신한카드 Deep Dream,신용,2026-07-14 13:10:00,세븐일레븐 역삼점,편의점,4300,0,00104398
u_001,card_01,신한카드 Deep Dream,신용,2026-07-15 08:09:00,쿠팡 와우멤버십,구독/커머스,7890,0,00104292
u_001,card_02,삼성 taptap O,신용,2026-07-15 10:19:00,배달의민족,배달음식,19400,0,00104613
u_001,card_01,신한카드 Deep Dream,신용,2026-07-15 11:50:00,CU 강남역점,편의점,11800,0,00104350
u_001,card_01,신한카드 Deep Dream,신용,2026-07-15 17:12:00,티머니 대중교통,대중교통,1400,0,00104561
u_001,card_03,카카오뱅크 체크카드,체크,2026-07-15 19:15:00,티머니 대중교통,대중교통,1400,0,00104408
u_001,card_02,삼성 taptap O,신용,2026-07-15 19:57:00,세븐일레븐 역삼점,편의점,11200,0,00104369
u_001,card_01,신한카드 Deep Dream,신용,2026-07-15 20:18:00,배달의민족,배달음식,30600,0,00104601
u_001,card_02,삼성 taptap O,신용,2026-07-16 10:28:00,홈플러스 영등포점,대형마트,73600,0,00104680
u_001,card_03,카카오뱅크 체크카드,체크,2026-07-16 13:35:00,쿠팡이츠,배달음식,13400,0,00104607
u_001,card_02,삼성 taptap O,신용,2026-07-16 17:52:00,티머니 대중교통,대중교통,1500,0,00104473
u_001,card_03,카카오뱅크 체크카드,체크,2026-07-17 09:23:00,티머니 대중교통,대중교통,1600,0,00104459
u_001,card_01,신한카드 Deep Dream,신용,2026-07-17 09:54:00,티머니 대중교통,대중교통,1400,0,00104565
u_001,card_01,신한카드 Deep Dream,신용,2026-07-17 13:47:00,홈플러스 영등포점,대형마트,128100,0,00104687
u_001,card_02,삼성 taptap O,신용,2026-07-17 14:58:00,교촌치킨,외식,27400,0,00104661
u_001,card_01,신한카드 Deep Dream,신용,2026-07-17 17:00:00,무신사,의류/패션,103700,0,00104713
u_001,card_01,신한카드 Deep Dream,신용,2026-07-17 21:02:00,쿠팡,온라인쇼핑,86700,0,00104698
u_001,card_03,카카오뱅크 체크카드,체크,2026-07-17 23:32:00,세븐일레븐 역삼점,편의점,3100,0,00104348
u_001,card_01,신한카드 Deep Dream,신용,2026-07-18 13:34:00,티머니 대중교통,대중교통,1600,0,00104461
u_001,card_02,삼성 taptap O,신용,2026-07-18 18:30:00,스포티파이,구독/음악,11990,0,00104297
u_001,card_03,카카오뱅크 체크카드,체크,2026-07-20 13:09:00,배달의민족,배달음식,28800,0,00104574
u_001,card_03,카카오뱅크 체크카드,체크,2026-07-20 18:44:00,명동교자,외식,54200,0,00104673
u_001,card_02,삼성 taptap O,신용,2026-07-20 18:45:00,티머니 대중교통,대중교통,1300,0,00104460
u_001,card_01,신한카드 Deep Dream,신용,2026-07-21 12:04:00,한촌설렁탕,외식,25000,0,00104624
u_001,card_01,신한카드 Deep Dream,신용,2026-07-21 12:39:00,세븐일레븐 역삼점,편의점,7500,0,00104358
u_001,card_02,삼성 taptap O,신용,2026-07-21 13:45:00,티머니 대중교통,대중교통,1300,0,00104433
u_001,card_02,삼성 taptap O,신용,2026-07-21 13:48:00,티머니 대중교통,대중교통,1600,0,00104553
u_001,card_02,삼성 taptap O,신용,2026-07-21 17:12:00,세븐일레븐 역삼점,편의점,6400,0,00104346
u_001,card_02,삼성 taptap O,신용,2026-07-21 18:33:00,티머니 대중교통,대중교통,1200,0,00104447
u_001,card_03,카카오뱅크 체크카드,체크,2026-07-21 19:20:00,티머니 대중교통,대중교통,1500,0,00104464
u_001,card_01,신한카드 Deep Dream,신용,2026-07-22 09:30:00,티머니 대중교통,대중교통,1300,0,00104554
u_001,card_03,카카오뱅크 체크카드,체크,2026-07-22 14:31:00,티머니 대중교통,대중교통,1600,0,00104568
u_001,card_03,카카오뱅크 체크카드,체크,2026-07-22 14:46:00,빕스 강남점,외식,40200,0,00104635
u_001,card_01,신한카드 Deep Dream,신용,2026-07-22 15:10:00,티머니 대중교통,대중교통,1400,0,00104541
u_001,card_01,신한카드 Deep Dream,신용,2026-07-22 18:02:00,이마트24 선릉점,편의점,9300,0,00104351
u_001,card_01,신한카드 Deep Dream,신용,2026-07-23 09:29:00,GS25 테헤란로점,편의점,10800,0,00104391
u_001,card_02,삼성 taptap O,신용,2026-07-23 09:48:00,티머니 대중교통,대중교통,1300,0,00104427
u_001,card_03,카카오뱅크 체크카드,체크,2026-07-23 10:18:00,티머니 대중교통,대중교통,1600,0,00104429
u_001,card_01,신한카드 Deep Dream,신용,2026-07-23 12:28:00,CU 강남역점,편의점,3600,0,00104344
u_001,card_03,카카오뱅크 체크카드,체크,2026-07-23 13:29:00,티머니 대중교통,대중교통,1500,0,00104446
u_001,card_01,신한카드 Deep Dream,신용,2026-07-23 19:00:00,예스24,문화/여가,24600,0,00104719
u_001,card_01,신한카드 Deep Dream,신용,2026-07-24 15:16:00,명동교자,외식,32700,0,00104630
u_001,card_03,카카오뱅크 체크카드,체크,2026-07-24 17:09:00,배달의민족,배달음식,25600,0,00104587
u_001,card_02,삼성 taptap O,신용,2026-07-25 14:51:00,티머니 대중교통,대중교통,1500,0,00104426
u_001,card_01,신한카드 Deep Dream,신용,2026-07-25 15:43:00,SK텔레콤,통신비,55000,0,00104281
u_001,card_02,삼성 taptap O,신용,2026-07-25 17:10:00,백종원의 새마을식당,외식,50200,0,00104651
u_001,card_01,신한카드 Deep Dream,신용,2026-07-26 09:52:00,스시로,외식,16500,0,00104675
u_001,card_03,카카오뱅크 체크카드,체크,2026-07-26 17:14:00,CU 강남역점,편의점,12000,0,00104399
u_001,card_01,신한카드 Deep Dream,신용,2026-07-26 19:57:00,쿠팡이츠,배달음식,26500,0,00104585
u_001,card_03,카카오뱅크 체크카드,체크,2026-07-26 20:04:00,이디야커피 삼성점,카페/커피,2800,0,00104311
u_001,card_01,신한카드 Deep Dream,신용,2026-07-26 20:47:00,이디야커피 삼성점,카페/커피,3700,0,00104318
u_001,card_03,카카오뱅크 체크카드,체크,2026-07-27 13:07:00,스타벅스 강남점,카페/커피,3700,0,00104324
u_001,card_02,삼성 taptap O,신용,2026-07-27 19:14:00,스타벅스 강남점,카페/커피,2900,0,00104312
u_001,card_01,신한카드 Deep Dream,신용,2026-07-28 07:22:00,쿠팡이츠,배달음식,26000,0,00104577
u_001,card_03,카카오뱅크 체크카드,체크,2026-07-28 12:30:00,티머니 대중교통,대중교통,1500,0,00104406
u_001,card_03,카카오뱅크 체크카드,체크,2026-07-28 15:08:00,티머니 대중교통,대중교통,1500,0,00104440
u_001,card_02,삼성 taptap O,신용,2026-07-28 15:10:00,티머니 대중교통,대중교통,1300,0,00104524
u_001,card_01,신한카드 Deep Dream,신용,2026-07-29 08:22:00,티머니 대중교통,대중교통,1400,0,00104468
u_001,card_03,카카오뱅크 체크카드,체크,2026-07-29 08:30:00,티머니 대중교통,대중교통,1300,0,00104419
u_001,card_01,신한카드 Deep Dream,신용,2026-07-29 08:34:00,GS25 테헤란로점,편의점,8900,0,00104360
u_001,card_03,카카오뱅크 체크카드,체크,2026-07-29 09:10:00,티머니 대중교통,대중교통,1300,0,00104487
u_001,card_01,신한카드 Deep Dream,신용,2026-07-29 09:20:00,티머니 대중교통,대중교통,1600,0,00104535
u_001,card_03,카카오뱅크 체크카드,체크,2026-07-29 19:44:00,티머니 대중교통,대중교통,1400,0,00104480
u_001,card_01,신한카드 Deep Dream,신용,2026-07-30 11:45:00,티머니 대중교통,대중교통,1300,0,00104530
u_001,card_03,카카오뱅크 체크카드,체크,2026-07-30 14:51:00,컴포즈커피 논현점,카페/커피,2700,0,00104340
u_001,card_01,신한카드 Deep Dream,신용,2026-07-30 19:32:00,티머니 대중교통,대중교통,1400,0,00104548
u_001,card_01,신한카드 Deep Dream,신용,2026-07-30 19:40:00,스타벅스 강남점,카페/커피,6800,0,00104331
u_001,card_03,카카오뱅크 체크카드,체크,2026-07-31 15:05:00,티머니 대중교통,대중교통,1300,0,00104484
u_001,card_03,카카오뱅크 체크카드,체크,2026-08-01 09:23:00,서울대학교치과,병원/약국,42300,0,00105084
u_001,card_03,카카오뱅크 체크카드,체크,2026-08-01 09:28:00,이마트24 선릉점,편의점,2000,0,00104779
u_001,card_02,삼성 taptap O,신용,2026-08-01 14:22:00,세븐일레븐 역삼점,편의점,11700,0,00104808
u_001,card_03,카카오뱅크 체크카드,체크,2026-08-02 18:05:00,티머니 대중교통,대중교통,1400,0,00104829
u_001,card_03,카카오뱅크 체크카드,체크,2026-08-03 09:45:00,백종원의 새마을식당,외식,33100,0,00104992
u_001,card_01,신한카드 Deep Dream,신용,2026-08-03 13:15:00,명동교자,외식,15200,0,00105028
u_001,card_01,신한카드 Deep Dream,신용,2026-08-03 17:25:00,메가커피 역삼점,카페/커피,5000,0,00104750
u_001,card_01,신한카드 Deep Dream,신용,2026-08-04 12:53:00,CGV 강남,문화/여가,34900,0,00105069
u_001,card_03,카카오뱅크 체크카드,체크,2026-08-05 14:55:00,티머니 대중교통,대중교통,1600,0,00104870
u_001,card_01,신한카드 Deep Dream,신용,2026-08-05 19:20:00,넷플릭스,구독/OTT,13500,0,00104724
u_001,card_03,카카오뱅크 체크카드,체크,2026-08-05 23:47:00,이디야커피 삼성점,카페/커피,5200,0,00104749
u_001,card_02,삼성 taptap O,신용,2026-08-06 09:12:00,티머니 대중교통,대중교통,1400,0,00104877
u_001,card_01,신한카드 Deep Dream,신용,2026-08-06 16:06:00,연세이비인후과,병원/약국,59600,0,00105079
u_001,card_01,신한카드 Deep Dream,신용,2026-08-07 10:18:00,백종원의 새마을식당,외식,36400,0,00105011
u_001,card_03,카카오뱅크 체크카드,체크,2026-08-07 13:00:00,이디야커피 삼성점,카페/커피,2600,0,00104746
u_001,card_01,신한카드 Deep Dream,신용,2026-08-07 16:08:00,교촌치킨,외식,21500,0,00105002
u_001,card_02,삼성 taptap O,신용,2026-08-07 21:49:00,쿠팡이츠,배달음식,17200,0,00104942
u_001,card_03,카카오뱅크 체크카드,체크,2026-08-08 13:43:00,스시로,외식,49500,0,00105017
u_001,card_01,신한카드 Deep Dream,신용,2026-08-08 18:37:00,이디야커피 삼성점,카페/커피,5500,0,00104755
u_001,card_01,신한카드 Deep Dream,신용,2026-08-08 22:23:00,쿠팡이츠,배달음식,20300,0,00104929
u_001,card_02,삼성 taptap O,신용,2026-08-08 23:27:00,티머니 대중교통,대중교통,1400,0,00104883
u_001,card_01,신한카드 Deep Dream,신용,2026-08-09 09:55:00,11번가,온라인쇼핑,24300,0,00105048
u_001,card_02,삼성 taptap O,신용,2026-08-09 17:25:00,투썸플레이스 선릉점,카페/커피,5300,0,00104759
u_001,card_01,신한카드 Deep Dream,신용,2026-08-09 21:39:00,G마켓,온라인쇼핑,56300,0,00105055
u_001,card_02,삼성 taptap O,신용,2026-08-10 15:33:00,유튜브 프리미엄,구독/OTT,14900,0,00104726
u_001,card_02,삼성 taptap O,신용,2026-08-10 17:12:00,티머니 대중교통,대중교통,1500,0,00104847
u_001,card_02,삼성 taptap O,신용,2026-08-11 15:47:00,스타벅스 강남점,카페/커피,6000,0,00104736
u_001,card_01,신한카드 Deep Dream,신용,2026-08-12 18:37:00,CU 강남역점,편의점,2400,0,00104809
u_001,card_01,신한카드 Deep Dream,신용,2026-08-12 20:55:00,교보문고,문화/여가,43800,0,00105067
u_001,card_03,카카오뱅크 체크카드,체크,2026-08-13 12:03:00,세븐일레븐 역삼점,편의점,11600,0,00104799
u_001,card_01,신한카드 Deep Dream,신용,2026-08-13 17:32:00,티머니 대중교통,대중교통,1600,0,00104899
u_001,card_03,카카오뱅크 체크카드,체크,2026-08-13 17:56:00,티머니 대중교통,대중교통,1400,0,00104848
u_001,card_03,카카오뱅크 체크카드,체크,2026-08-14 16:14:00,스시로,외식,59700,0,00104998
u_001,card_03,카카오뱅크 체크카드,체크,2026-08-14 20:31:00,쿠팡이츠,배달음식,13100,0,00104946
u_001,card_03,카카오뱅크 체크카드,체크,2026-08-15 08:34:00,티머니 대중교통,대중교통,1500,0,00104912
u_001,card_01,신한카드 Deep Dream,신용,2026-08-15 16:23:00,쿠팡 와우멤버십,구독/커머스,7890,0,00104732
u_001,card_03,카카오뱅크 체크카드,체크,2026-08-15 21:17:00,티머니 대중교통,대중교통,1600,0,00104811
u_001,card_01,신한카드 Deep Dream,신용,2026-08-15 21:44:00,한촌설렁탕,외식,14600,0,00105021
u_001,card_02,삼성 taptap O,신용,2026-08-16 14:31:00,CU 강남역점,편의점,10700,0,00104798
u_001,card_02,삼성 taptap O,신용,2026-08-16 15:57:00,올리브영 강남점,뷰티/드럭,25100,0,00105065
u_001,card_03,카카오뱅크 체크카드,체크,2026-08-16 17:18:00,티머니 대중교통,대중교통,1600,0,00104823
u_001,card_02,삼성 taptap O,신용,2026-08-16 18:05:00,이디야커피 삼성점,카페/커피,2900,0,00104747
u_001,card_02,삼성 taptap O,신용,2026-08-16 18:09:00,메가커피 역삼점,카페/커피,2200,0,00104767
u_001,card_03,카카오뱅크 체크카드,체크,2026-08-16 18:36:00,이마트24 선릉점,편의점,3300,0,00104793
u_001,card_01,신한카드 Deep Dream,신용,2026-08-16 18:52:00,백종원의 새마을식당,외식,57200,0,00104972
u_001,card_01,신한카드 Deep Dream,신용,2026-08-16 19:53:00,메가커피 역삼점,카페/커피,3900,0,00104764
u_001,card_02,삼성 taptap O,신용,2026-08-16 20:34:00,세븐일레븐 역삼점,편의점,9800,0,00104776
u_001,card_03,카카오뱅크 체크카드,체크,2026-08-17 09:16:00,메가커피 역삼점,카페/커피,4300,0,00104763
u_001,card_02,삼성 taptap O,신용,2026-08-17 09:38:00,티머니 대중교통,대중교통,1600,0,00104900
u_001,card_01,신한카드 Deep Dream,신용,2026-08-17 13:27:00,티머니 대중교통,대중교통,1600,0,00104820
u_001,card_01,신한카드 Deep Dream,신용,2026-08-17 14:23:00,홈플러스 영등포점,대형마트,109200,0,00105033
u_001,card_01,신한카드 Deep Dream,신용,2026-08-17 19:41:00,티머니 대중교통,대중교통,1500,0,00104843
u_001,card_02,삼성 taptap O,신용,2026-08-18 13:46:00,스포티파이,구독/음악,11990,0,00104733
u_001,card_03,카카오뱅크 체크카드,체크,2026-08-19 13:47:00,CU 강남역점,편의점,2200,0,00104804
u_001,card_01,신한카드 Deep Dream,신용,2026-08-19 18:21:00,티머니 대중교통,대중교통,1300,0,00104818
u_001,card_02,삼성 taptap O,신용,2026-08-19 23:33:00,준오헤어 강남점,미용실,80400,0,00105076
u_001,card_02,삼성 taptap O,신용,2026-08-20 20:00:00,롯데마트 서울역점,대형마트,115900,0,00105031
u_001,card_03,카카오뱅크 체크카드,체크,2026-08-20 23:12:00,백종원의 새마을식당,외식,50100,0,00104985
u_001,card_02,삼성 taptap O,신용,2026-08-21 09:15:00,쿠팡이츠,배달음식,22000,0,00104966
u_001,card_02,삼성 taptap O,신용,2026-08-21 10:25:00,쿠팡이츠,배달음식,18000,0,00104961
u_001,card_03,카카오뱅크 체크카드,체크,2026-08-21 11:52:00,티머니 대중교통,대중교통,1600,0,00104854
u_001,card_03,카카오뱅크 체크카드,체크,2026-08-21 18:03:00,티머니 대중교통,대중교통,1600,0,00104922
u_001,card_03,카카오뱅크 체크카드,체크,2026-08-22 13:54:00,메가커피 역삼점,카페/커피,5600,0,00104740
u_001,card_01,신한카드 Deep Dream,신용,2026-08-22 14:38:00,빕스 강남점,외식,22900,0,00105024
u_001,card_03,카카오뱅크 체크카드,체크,2026-08-22 14:58:00,배달의민족,배달음식,16000,0,00104933
u_001,card_03,카카오뱅크 체크카드,체크,2026-08-23 14:24:00,티머니 대중교통,대중교통,1500,0,00104814
u_001,card_01,신한카드 Deep Dream,신용,2026-08-23 15:16:00,한촌설렁탕,외식,20100,0,00104987
u_001,card_02,삼성 taptap O,신용,2026-08-23 16:15:00,티머니 대중교통,대중교통,1300,0,00104915
u_001,card_03,카카오뱅크 체크카드,체크,2026-08-23 18:50:00,배달의민족,배달음식,33300,0,00104969
u_001,card_01,신한카드 Deep Dream,신용,2026-08-24 09:13:00,티머니 대중교통,대중교통,1400,0,00104909
u_001,card_02,삼성 taptap O,신용,2026-08-24 21:52:00,쿠팡이츠,배달음식,25500,0,00104947
u_001,card_01,신한카드 Deep Dream,신용,2026-08-25 10:14:00,G마켓,온라인쇼핑,28800,0,00105061
u_001,card_01,신한카드 Deep Dream,신용,2026-08-25 10:47:00,11번가,온라인쇼핑,43600,0,00105059
u_001,card_03,카카오뱅크 체크카드,체크,2026-08-25 11:42:00,이마트24 선릉점,편의점,2800,0,00104771
u_001,card_02,삼성 taptap O,신용,2026-08-25 13:09:00,티머니 대중교통,대중교통,1500,0,00104863
u_001,card_01,신한카드 Deep Dream,신용,2026-08-25 16:26:00,SK텔레콤,통신비,55000,0,00104723
u_001,card_03,카카오뱅크 체크카드,체크,2026-08-25 19:51:00,티머니 대중교통,대중교통,1400,0,00104906
u_001,card_03,카카오뱅크 체크카드,체크,2026-08-26 08:46:00,티머니 대중교통,대중교통,1400,0,00104894
u_001,card_03,카카오뱅크 체크카드,체크,2026-08-26 09:38:00,티머니 대중교통,대중교통,1300,0,00104897
u_001,card_01,신한카드 Deep Dream,신용,2026-08-26 13:25:00,백종원의 새마을식당,외식,27500,0,00104976
u_001,card_01,신한카드 Deep Dream,신용,2026-08-27 07:03:00,쿠팡이츠,배달음식,29900,0,00104959
u_001,card_02,삼성 taptap O,신용,2026-08-27 13:38:00,쿠팡이츠,배달음식,17300,0,00104953
u_001,card_01,신한카드 Deep Dream,신용,2026-08-28 07:20:00,티머니 대중교통,대중교통,1400,0,00104810
u_001,card_02,삼성 taptap O,신용,2026-08-28 08:35:00,이마트24 선릉점,편의점,7700,0,00104785
u_001,card_02,삼성 taptap O,신용,2026-08-28 10:45:00,CU 강남역점,편의점,6500,0,00104789
u_001,card_03,카카오뱅크 체크카드,체크,2026-08-28 12:36:00,티머니 대중교통,대중교통,1500,0,00104836
u_001,card_03,카카오뱅크 체크카드,체크,2026-08-28 18:56:00,티머니 대중교통,대중교통,1300,0,00104898
u_001,card_01,신한카드 Deep Dream,신용,2026-08-28 20:46:00,명동교자,외식,22500,0,00105008
u_001,card_01,신한카드 Deep Dream,신용,2026-08-29 10:16:00,티머니 대중교통,대중교통,1300,0,00104890
u_001,card_02,삼성 taptap O,신용,2026-08-29 13:19:00,티머니 대중교통,대중교통,1300,0,00104916
u_001,card_03,카카오뱅크 체크카드,체크,2026-08-30 12:18:00,티머니 대중교통,대중교통,1300,0,00104876
u_001,card_01,신한카드 Deep Dream,신용,2026-08-30 13:33:00,홈플러스 영등포점,대형마트,72500,0,00105041
u_001,card_01,신한카드 Deep Dream,신용,2026-08-30 20:15:00,쿠팡이츠,배달음식,20400,0,00104936
u_001,card_01,신한카드 Deep Dream,신용,2026-08-31 07:35:00,백종원의 새마을식당,외식,46400,0,00104982
u_001,card_02,삼성 taptap O,신용,2026-08-31 12:32:00,이마트 성수점,대형마트,101300,0,00105037
u_001,card_03,카카오뱅크 체크카드,체크,2026-08-31 17:39:00,티머니 대중교통,대중교통,1500,0,00104861
